Rk,Year,Lg,Rd,Pk,Tm,Player,Age,Pos,Born,College,From,To,G,MP,PTS,TRB,AST,STL,BLK,FG%,2P%,3P%,FT%,WS,WS/48
1,2009,NBA,1,1,LAC,Blake Griffin\griffbl01,20.106,F,us,Oklahoma,2011,2020,617,34.9,21.8,8.9,4.4,0.9,0.5,.500,.521,.338,.694,75.6,.169
2,2010,NBA,1,1,WAS,John Wall\walljo01,19.296,G,us,Kentucky,2011,2019,573,35.9,19.0,4.3,9.2,1.7,0.7,.433,.457,.324,.781,44.3,.104
3,2011,NBA,1,1,CLE,Kyrie Irving\irvinky01,19.096,G,au,Duke,2012,2020,519,33.8,22.4,3.7,5.7,1.3,0.4,.465,.499,.388,.877,60.0,.164
4,2012,NBA,1,1,NOH,Anthony Davis\davisan02,19.114,F-C,us,Kentucky,2013,2020,490,34.6,23.9,10.5,2.2,1.4,2.4,.516,.533,.316,.799,76.9,.218
5,2013,NBA,1,1,CLE,Anthony Bennett\bennean01,20.110,F,ca,UNLV,2014,2017,151,12.6,4.4,3.1,0.5,0.4,0.2,.392,.427,.261,.670,0.5,.013
6,2014,NBA,1,1,CLE,Andrew Wiggins\wiggian01,19.128,F-G,ca,Kansas,2015,2020,420,35.9,19.7,4.3,2.2,1.0,0.6,.441,.469,.333,.735,14.4,.046
7,2015,NBA,1,1,MIN,Karl-Anthony Towns\townska01,19.227,C-F,us,Kentucky,2016,2020,345,34.4,22.5,11.8,2.7,0.8,1.5,.535,.573,.395,.833,49.0,.198
8,2016,NBA,1,1,PHI,Ben Simmons\simmobe01,19.343,G-F,au,LSU,2018,2020,184,34.0,16.0,8.3,8.0,1.6,0.8,.555,.559,.091,.582,20.0,.154
9,2017,NBA,1,1,PHI,Markelle Fultz\fultzma01,19.029,G,us,Washington,2018,2020,56,22.7,9.5,3.1,3.7,1.0,0.2,.444,.470,.226,.658,1.7,.064
10,2018,NBA,1,1,PHO,Deandre Ayton\aytonde01,19.338,C,bs,Arizona,2019,2020,72,30.8,16.3,10.3,1.7,0.9,1.0,.586,.589,.000,.746,6.0,.129
11,2009,NBA,1,2,MEM,Hasheem Thabeet\thabeha01,22.135,C,tz,UConn,2010,2014,224,10.5,2.2,2.7,0.1,0.3,0.8,.567,.567,,.578,4.8,.099
12,2010,NBA,1,2,PHI,Evan Turner\turneev01,21.245,G,us,Ohio State,2011,2020,701,27.0,9.7,4.7,3.5,0.8,0.3,.434,.458,.294,.782,20.3,.051
13,2011,NBA,1,2,MIN,Derrick Williams\willide02,20.034,F,us,Arizona,2012,2018,428,20.7,8.9,4.0,0.7,0.5,0.3,.434,.484,.300,.710,14.1,.076
14,2012,NBA,1,2,CHA,Michael Kidd-Gilchrist\kiddgmi01,18.280,F,us,Kentucky,2013,2020,426,25.3,8.7,5.6,1.2,0.7,0.7,.476,.482,.277,.715,21.2,.094
15,2013,NBA,1,2,ORL,Victor Oladipo\oladivi01,21.059,G,us,Indiana,2014,2019,402,33.2,17.5,4.6,4.0,1.7,0.5,.443,.482,.352,.793,24.2,.087
16,2014,NBA,1,2,MIL,Jabari Parker\parkeja01,19.108,F,us,Duke,2015,2020,272,29.5,15.2,5.8,2.1,0.9,0.4,.492,.527,.328,.737,12.7,.076
17,2015,NBA,1,2,LAL,D'Angelo Russell\russeda01,19.127,G,us,Ohio State,2016,2020,286,28.6,16.8,3.7,5.1,1.1,0.2,.420,.467,.354,.760,7.1,.042
18,2016,NBA,1,2,LAL,Brandon Ingram\ingrabr01,18.299,F,us,Duke,2017,2020,211,31.9,15.0,5.0,3.0,0.7,0.6,.463,.491,.348,.686,6.2,.045
19,2017,NBA,1,2,LAL,Lonzo Ball\balllo01,19.243,G,us,UCLA,2018,2020,116,31.8,10.1,5.9,6.3,1.5,0.6,.379,.447,.318,.463,3.6,.046
20,2018,NBA,1,2,SAC,Marvin Bagley\baglema01,19.104,F,us,Duke,2019,2020,64,25.3,14.8,7.6,1.0,0.5,1.0,.499,.528,.309,.689,3.5,.105
21,2009,NBA,1,3,OKC,James Harden\hardeja01,19.308,G,us,Arizona State,2010,2020,789,34.2,24.8,5.2,6.2,1.6,0.5,.443,.508,.364,.859,127.4,.226
22,2010,NBA,1,3,NJN,Derrick Favors\favorde01,18.349,F-C,us,Georgia Tech,2011,2020,641,25.7,11.5,7.2,1.1,0.8,1.3,.526,.535,.213,.663,50.0,.146
23,2011,NBA,1,3,UTA,Enes Kanter\kanteen01,19.038,C,ch,,2012,2020,600,22.0,11.8,7.6,0.8,0.4,0.5,.542,.549,.290,.777,41.1,.149
24,2012,NBA,1,3,WAS,Bradley Beal\bealbr01,19.005,G,us,Florida,2013,2020,511,34.5,20.2,4.0,3.9,1.1,0.4,.451,.490,.381,.801,38.0,.103
25,2013,NBA,1,3,WAS,Otto Porter\porteot01,20.029,F,us,Georgetown,2014,2020,408,26.9,11.0,5.0,1.5,1.2,0.4,.482,.527,.405,.791,29.6,.129
26,2014,NBA,1,3,PHI,Joel Embiid\embiijo01,20.107,C,cm,Kansas,2017,2020,179,30.7,24.1,11.5,3.2,0.7,1.9,.479,.524,.315,.791,19.6,.171
27,2015,NBA,1,3,PHI,Jahlil Okafor\okafoja01,19.197,C-F,us,Duke,2016,2020,206,20.9,11.3,5.1,1.0,0.3,0.9,.534,.537,.235,.680,6.0,.067
28,2016,NBA,1,3,BOS,Jaylen Brown\brownja02,19.247,F-G,us,California,2017,2020,243,25.2,11.9,4.2,1.3,0.8,0.3,.467,.523,.367,.668,11.3,.088
29,2017,NBA,1,3,BOS,Jayson Tatum\tatumja01,19.116,F,us,Duke,2018,2020,183,31.2,15.6,5.7,2.0,1.1,0.7,.451,.478,.391,.839,13.8,.116
30,2018,NBA,1,3,ATL,Luka Dončić\doncilu01,19.118,G-F,si,,2019,2020,96,32.5,23.5,8.3,6.8,1.1,0.3,.443,.535,.327,.742,9.9,.153
31,2009,NBA,1,4,SAC,Tyreke Evans\evansty01,19.284,G-F,us,Memphis,2010,2019,594,30.7,15.7,4.6,4.8,1.2,0.4,.440,.468,.323,.757,28.4,.075
32,2010,NBA,1,4,MIN,Wesley Johnson\johnswe01,22.354,F-G,us,Syracuse,2011,2019,609,22.1,7.0,3.2,1.1,0.8,0.7,.404,.460,.337,.741,10.7,.038
33,2011,NBA,1,4,CLE,Tristan Thompson\thomptr01,20.107,F-C,ca,Texas,2012,2020,586,28.0,9.3,8.6,1.0,0.5,0.7,.519,.520,.188,.607,41.5,.121
34,2012,NBA,1,4,CLE,Dion Waiters\waitedi01,20.206,G,us,Syracuse,2013,2019,409,28.4,13.2,2.7,2.8,0.9,0.3,.412,.443,.347,.692,8.7,.036
35,2013,NBA,1,4,CHA,Cody Zeller\zelleco01,20.270,C-F,us,Indiana,2014,2020,385,22.9,8.4,5.9,1.4,0.7,0.7,.514,.521,.300,.736,25.4,.138
36,2014,NBA,1,4,ORL,Aaron Gordon\gordoaa01,18.288,F,us,Arizona,2015,2020,362,28.1,12.5,6.2,2.2,0.8,0.6,.449,.510,.321,.708,19.4,.092
37,2015,NBA,1,4,NYK,Kristaps Porziņģis\porzikr01,19.332,F-C,lv,,2016,2020,209,30.9,17.7,7.3,1.3,0.7,2.0,.433,.466,.355,.795,13.4,.100
38,2016,NBA,1,4,PHO,Dragan Bender\bendedr01,18.223,F,ba,,2017,2020,174,20.1,5.3,3.7,1.2,0.3,0.6,.398,.522,.322,.650,0.3,.005
39,2017,NBA,1,4,PHO,Josh Jackson\jacksjo02,20.137,F-G,us,Kansas,2018,2019,156,25.3,12.3,4.5,1.9,1.0,0.6,.415,.455,.294,.650,-2.4,-0.029
40,2018,NBA,1,4,MEM,Jaren Jackson\jacksja02,18.284,F,us,Michigan State,2019,2020,81,26.5,14.5,4.7,1.2,0.8,1.4,.489,.544,.366,.773,4.1,.093
41,2009,NBA,1,5,MIN,Ricky Rubio\rubiori01,18.252,G,es,,2012,2020,517,30.9,11.2,4.2,7.7,1.9,0.1,.388,.414,.321,.838,33.7,.101
42,2010,NBA,1,5,SAC,DeMarcus Cousins\couside01,19.320,C-F,us,Kentucky,2011,2019,565,32.0,21.2,10.9,3.2,1.4,1.2,.461,.477,.332,.737,44.1,.117
43,2011,NBA,1,5,TOR,Jonas Valančiūnas\valanjo01,19.052,C,lt,,2013,2020,511,25.1,12.1,8.6,0.8,0.4,1.0,.559,.566,.361,.786,46.7,.174
44,2012,NBA,1,5,SAC,Thomas Robinson\robinth01,21.109,F,us,Kansas,2013,2017,313,13.4,4.9,4.8,0.6,0.5,0.4,.470,.472,.000,.505,4.6,.053
45,2013,NBA,1,5,PHO,Alex Len\lenal01,20.016,C,ua,Maryland,2014,2020,436,19.8,8.0,6.2,0.8,0.4,1.0,.490,.506,.336,.694,16.5,.092
46,2014,NBA,1,5,UTA,Dante Exum\exumda01,18.353,G,au,,2015,2020,215,18.7,5.7,1.7,2.2,0.4,0.2,.401,.477,.305,.772,2.6,.031
47,2015,NBA,1,5,ORL,Mario Hezonja\hezonma01,20.125,F-G,hr,,2016,2020,300,18.8,7.1,3.2,1.3,0.7,0.2,.414,.478,.321,.811,2.6,.022
48,2016,NBA,1,5,MIN,Kris Dunn\dunnkr01,22.103,G,us,Providence,2017,2020,202,23.8,8.4,3.3,4.2,1.5,0.5,.417,.450,.300,.724,2.7,.027
49,2017,NBA,1,5,SAC,De'Aaron Fox\foxde01,19.189,G,us,Kentucky,2018,2020,163,29.8,14.8,3.3,6.0,1.3,0.4,.438,.462,.345,.724,5.3,.052
50,2018,NBA,1,5,DAL,Trae Young\youngtr01,19.280,G,us,Oklahoma,2019,2020,105,31.8,21.1,3.8,8.2,1.0,0.2,.428,.487,.340,.837,5.2,.075
51,2009,NBA,1,6,MIN,Jonny Flynn\flynnjo01,20.144,G,us,Syracuse,2010,2012,163,22.9,9.2,1.9,3.9,0.7,0.0,.400,.420,.338,.809,-1.1,-0.015
52,2010,NBA,1,6,GSW,Ekpe Udoh\udohek01,23.041,C-F,us,Baylor,2011,2019,384,14.8,3.5,2.9,0.7,0.5,1.1,.453,.455,.000,.718,10.4,.088
53,2011,NBA,1,6,WAS,Jan Veselý\veselja01,21.065,F,cz,,2012,2014,162,15.2,3.6,3.5,0.6,0.7,0.5,.521,.523,.000,.408,4.0,.078
54,2012,NBA,1,6,POR,Damian Lillard\lillada01,21.354,G,us,Weber State,2013,2020,573,36.3,23.6,4.2,6.4,1.0,0.3,.434,.482,.368,.890,74.0,.171
55,2013,NBA,1,6,NOH,Nerlens Noel\noelne01,19.083,C-F,us,Kentucky,2015,2020,323,22.5,8.1,6.4,1.2,1.3,1.4,.530,.530,.250,.642,18.7,.124
56,2014,NBA,1,6,BOS,Marcus Smart\smartma01,20.117,G,us,Oklahoma State,2015,2020,361,28.6,9.4,3.5,4.0,1.5,0.4,.373,.438,.312,.768,17.8,.083
57,2015,NBA,1,6,SAC,Willie Cauley-Stein\caulewi01,21.316,F-C,us,Kentucky,2016,2020,318,23.9,9.9,6.4,1.6,0.9,0.8,.535,.537,.222,.614,18.6,.118
58,2016,NBA,1,6,NOP,Buddy Hield\hieldbu01,23.194,G,bs,Oklahoma,2017,2020,268,27.4,15.5,4.1,2.0,0.8,0.3,.443,.472,.412,.871,11.0,.072
59,2017,NBA,1,6,ORL,Jonathan Isaac\isaacjo01,19.267,F,us,Florida State,2018,2020,124,25.9,9.2,5.4,1.0,1.0,1.5,.426,.488,.329,.807,6.0,.089
60,2018,NBA,1,6,ORL,Mohamed Bamba\bambamo01,20.045,C,us,Texas,2019,2020,69,16.1,6.0,5.0,0.7,0.3,1.4,.463,.528,.322,.587,2.0,.088
61,2009,NBA,1,7,GSW,Stephen Curry\curryst01,21.108,G,us,Davidson,2010,2020,698,34.3,23.5,4.5,6.6,1.7,0.2,.476,.515,.435,.905,103.1,.207
62,2010,NBA,1,7,DET,Greg Monroe\monrogr01,20.025,C-F,us,Georgetown,2011,2019,632,27.7,13.2,8.3,2.1,1.1,0.6,.514,.515,.059,.704,49.7,.136
63,2011,NBA,1,7,SAC,Bismack Biyombo\biyombi01,18.303,C-F,cd,,2012,2020,608,20.2,5.0,6.2,0.5,0.3,1.4,.521,.521,.000,.572,24.2,.095
64,2012,NBA,1,7,GSW,Harrison Barnes\barneha02,20.034,F,us,UNC,2013,2020,564,30.9,13.7,4.9,1.6,0.7,0.2,.447,.477,.373,.795,31.5,.087
65,2013,NBA,1,7,SAC,Ben McLemore\mclembe01,20.141,G,us,Kansas,2014,2020,392,23.7,8.9,2.5,1.1,0.7,0.2,.415,.471,.352,.786,5.7,.029
66,2014,NBA,1,7,LAL,Julius Randle\randlju01,19.214,F-C,us,Kentucky,2015,2020,336,28.7,15.5,8.8,2.8,0.6,0.5,.497,.521,.297,.717,18.1,.090
67,2015,NBA,1,7,DEN,Emmanuel Mudiay\mudiaem01,19.116,G,cd,,2016,2020,268,24.9,11.4,3.0,4.0,0.7,0.3,.397,.427,.320,.745,-0.8,-0.006
68,2016,NBA,1,7,DEN,Jamal Murray\murraja01,19.125,G,ca,Kentucky,2017,2020,261,28.7,15.0,3.5,3.5,0.9,0.3,.434,.482,.360,.880,13.7,.088
69,2017,NBA,1,7,MIN,Lauri Markkanen\markkla01,20.036,F-C,fi,Arizona,2018,2020,146,30.7,16.3,7.9,1.3,0.7,0.6,.426,.485,.355,.848,7.3,.078
70,2018,NBA,1,7,CHI,Wendell Carter\cartewe01,19.071,C,us,Duke,2019,2020,70,26.9,11.0,8.0,1.5,0.6,1.1,.516,.546,.170,.754,4.5,.115
71,2009,NBA,1,8,NYK,Jordan Hill\hilljo01,21.339,C-F,us,Arizona,2010,2017,409,18.8,7.9,5.8,0.8,0.4,0.7,.497,.499,.136,.699,16.4,.102
72,2010,NBA,1,8,LAC,Al-Farouq Aminu\aminual01,19.281,F,us,Wake Forest,2011,2020,688,25.1,7.6,6.1,1.2,1.0,0.6,.421,.467,.335,.745,27.6,.077
73,2011,NBA,1,8,DET,Brandon Knight\knighbr03,19.208,G,us,Kentucky,2012,2020,429,29.8,14.3,3.1,4.0,0.9,0.2,.412,.445,.354,.809,11.6,.044
74,2012,NBA,1,8,TOR,Terrence Ross\rosste01,21.149,F-G,us,Washington,2013,2020,514,24.3,10.6,2.8,1.1,0.8,0.3,.422,.479,.371,.821,20.0,.077
75,2013,NBA,1,8,DET,Kentavious Caldwell-Pope\caldwke01,20.134,G,us,Georgia,2014,2020,495,29.5,11.7,3.3,1.6,1.1,0.2,.414,.473,.347,.800,25.2,.083
76,2014,NBA,1,8,SAC,Nik Stauskas\stausni01,20.267,G,ca,Michigan,2015,2019,335,19.9,6.8,2.1,1.5,0.4,0.2,.389,.436,.353,.814,3.8,.028
77,2015,NBA,1,8,DET,Stanley Johnson\johnsst04,19.031,F,us,Arizona,2016,2020,290,21.3,6.9,3.3,1.5,0.9,0.2,.374,.430,.293,.764,3.3,.025
78,2016,NBA,1,8,SAC,Marquese Chriss\chrisma01,18.361,F,us,Washington,2017,2020,222,19.0,7.5,4.5,1.0,0.7,0.8,.433,.511,.292,.655,3.2,.036
79,2017,NBA,1,8,NYK,Frank Ntilikina\ntilila01,18.334,G,be,,2018,2020,144,22.1,5.9,2.1,3.1,0.9,0.3,.358,.384,.310,.739,-1.6,-0.025
80,2018,NBA,1,8,CLE,Collin Sexton\sextoco01,19.173,G,us,Alabama,2019,2020,107,31.5,17.0,2.9,2.8,0.6,0.1,.433,.449,.380,.833,-0.2,-0.002
81,2009,NBA,1,9,TOR,DeMar DeRozan\derozde01,19.327,G-F,us,USC,2010,2020,776,34.1,19.9,4.3,3.4,1.0,0.3,.453,.471,.284,.827,62.0,.112
82,2010,NBA,1,9,UTA,Gordon Hayward\haywago01,20.098,F-G,us,Butler,2011,2020,600,30.6,15.2,4.2,3.4,1.0,0.4,.448,.486,.364,.821,49.3,.129
83,2011,NBA,1,9,CHA,Kemba Walker\walkeke02,21.051,G,us,UConn,2012,2020,628,34.0,20.0,3.8,5.5,1.3,0.4,.418,.452,.360,.837,51.7,.116
84,2012,NBA,1,9,DET,Andre Drummond\drumman01,18.327,C,us,UConn,2013,2020,567,31.0,14.3,13.8,1.2,1.4,1.6,.543,.548,.123,.456,59.1,.162
85,2013,NBA,1,9,MIN,Trey Burke\burketr01,20.232,G,us,Michigan,2014,2020,370,23.5,10.8,2.0,3.6,0.6,0.1,.408,.445,.341,.799,10.8,.060
86,2014,NBA,1,9,CHH,Noah Vonleh\vonleno01,18.311,F,us,Indiana,2015,2020,315,17.4,5.0,5.3,0.8,0.4,0.4,.453,.494,.308,.691,8.6,.075
87,2015,NBA,1,9,CHO,Frank Kaminsky\kaminfr01,22.087,F-C,us,Wisconsin,2016,2020,306,22.3,9.9,4.1,1.7,0.5,0.4,.421,.472,.349,.751,12.1,.085
88,2016,NBA,1,9,TOR,Jakob Pöltl\poeltja01,20.257,C,at,Utah,2017,2020,237,16.4,5.5,4.7,0.8,0.4,0.9,.637,.637,.500,.560,13.7,.170
89,2017,NBA,1,9,DAL,Dennis Smith\smithde03,19.214,G,us,NC State,2018,2020,139,27.7,13.4,3.2,4.7,1.0,0.3,.402,.444,.316,.657,-1.3,-0.016
90,2018,NBA,1,9,NYK,Kevin Knox\knoxke01,18.319,F,us,Kentucky,2019,2020,99,26.6,11.5,4.1,1.1,0.5,0.3,.369,.387,.343,.707,-1.1,-0.020
91,2009,NBA,1,10,MIL,Brandon Jennings\jennibr01,19.280,G,us,,2010,2018,555,30.3,14.1,3.0,5.7,1.2,0.2,.387,.412,.345,.796,29.9,.085
92,2010,NBA,1,10,IND,Paul George\georgpa01,20.058,F,us,Fresno State,2011,2020,619,33.7,19.9,6.4,3.3,1.8,0.4,.433,.471,.379,.846,66.9,.154
93,2011,NBA,1,10,MIL,Jimmer Fredette\fredeji01,22.123,G,us,BYU,2012,2019,241,13.3,6.0,1.0,1.4,0.4,0.0,.409,.434,.372,.879,2.2,.033
94,2012,NBA,1,10,NOH,Austin Rivers\riverau01,19.336,G,us,Duke,2013,2020,506,24.6,9.2,2.1,2.3,0.7,0.2,.417,.461,.346,.640,9.9,.038
95,2013,NBA,1,10,POR,CJ McCollum\mccolcj01,21.287,G,us,Lehigh,2014,2020,437,30.4,18.0,3.2,3.0,0.9,0.4,.454,.482,.399,.837,29.2,.105
96,2014,NBA,1,10,PHI,Elfrid Payton\paytoel01,20.129,G,us,LA-Lafayette,2015,2020,350,29.4,11.0,4.3,6.5,1.3,0.3,.453,.478,.305,.632,13.4,.062
97,2015,NBA,1,10,MIA,Justise Winslow\winslju01,19.095,F,us,Duke,2016,2020,240,28.5,9.1,5.4,2.7,0.9,0.4,.417,.447,.338,.646,8.0,.056
98,2016,NBA,1,10,MIL,Thon Maker\makerth01,19.123,F-C,ss,,2017,2020,218,13.8,4.5,2.7,0.6,0.3,0.7,.428,.498,.333,.658,5.2,.084
99,2017,NBA,1,10,SAC,Zach Collins\colliza01,19.220,C-F,us,Gonzaga,2018,2020,146,17.0,5.7,3.8,0.9,0.3,0.7,.442,.503,.324,.730,3.7,.071
100,2018,NBA,1,10,PHI,Mikal Bridges\bridgmi01,21.300,G,us,Villanova,2019,2020,106,27.6,8.1,3.3,1.9,1.5,0.4,.443,.560,.331,.796,4.1,.067
101,2009,NBA,1,11,NJN,Terrence Williams\willite01,22.003,F,us,Louisville,2010,2013,153,19.1,7.1,3.6,2.4,0.5,0.1,.412,.432,.317,.659,-0.2,-0.004
102,2010,NBA,1,11,NOH,Cole Aldrich\aldrico01,21.241,C,us,Kansas,2011,2018,339,10.0,3.1,3.3,0.5,0.4,0.7,.527,.527,,.738,9.6,.135
103,2011,NBA,1,11,GSW,Klay Thompson\thompkl01,21.140,G-F,us,Washington State,2012,2019,615,33.1,19.5,3.5,2.3,0.9,0.5,.459,.491,.419,.848,46.8,.110
104,2012,NBA,1,11,POR,Meyers Leonard\leoname01,20.127,C-F,us,Illinois,2013,2020,417,15.7,5.6,3.8,0.9,0.2,0.3,.484,.547,.392,.819,14.6,.107
105,2013,NBA,1,11,PHI,Michael Carter-Williams\cartemi01,21.266,G,us,Syracuse,2014,2020,329,25.8,10.6,4.5,4.5,1.3,0.6,.399,.433,.249,.702,5.4,.031
106,2014,NBA,1,11,DEN,Doug McDermott\mcderdo01,22.180,F,us,Creighton,2015,2020,366,20.0,7.9,2.2,0.8,0.2,0.1,.459,.496,.409,.823,11.6,.076
107,2015,NBA,1,11,IND,Myles Turner\turnemy01,19.097,C-F,us,Texas,2016,2020,297,28.2,12.8,6.6,1.2,0.7,2.1,.491,.520,.361,.770,23.0,.132
108,2016,NBA,1,11,ORL,Domantas Sabonis\sabondo01,20.056,F-C,us,Gonzaga,2017,2020,252,24.1,11.1,7.4,2.1,0.6,0.4,.512,.536,.326,.730,15.9,.126
109,2017,NBA,1,11,CHO,Malik Monk\monkma01,19.143,G,us,Kentucky,2018,2020,162,16.3,8.1,1.7,1.6,0.4,0.2,.386,.461,.326,.864,0.5,.009
110,2018,NBA,1,11,CHO,Shai Gilgeous-Alexander\gilgesh01,19.349,G,ca,Kentucky,2019,2020,106,28.4,12.6,3.3,3.2,1.1,0.5,.460,.488,.362,.797,4.5,.071
111,2009,NBA,1,12,CHA,Gerald Henderson\hendege02,21.204,G,us,Duke,2010,2017,535,25.9,11.2,3.2,1.9,0.7,0.3,.440,.460,.327,.793,18.3,.063
112,2010,NBA,1,12,MEM,Xavier Henry\henryxa01,19.106,G,be,Kansas,2011,2015,185,15.7,5.7,1.9,0.6,0.5,0.1,.406,.419,.325,.635,0.8,.013
113,2011,NBA,1,12,UTA,Alec Burks\burksal01,19.343,G,us,Colorado,2012,2020,452,21.5,9.8,3.1,1.8,0.6,0.2,.423,.445,.355,.780,14.2,.070
114,2012,NBA,1,12,HOU,Jeremy Lamb\lambje01,20.034,G-F,us,UConn,2013,2020,451,20.9,10.4,3.7,1.6,0.7,0.4,.444,.501,.337,.851,22.0,.112
115,2013,NBA,1,12,OKC,Steven Adams\adamsst01,19.347,C,nz,Pitt,2014,2020,488,26.8,9.7,7.5,1.1,0.9,1.0,.589,.591,.000,.552,41.0,.150
116,2014,NBA,1,12,ORL,Dario Šarić\saricda01,20.084,F,hr,,2017,2020,264,27.0,12.5,6.3,2.1,0.7,0.3,.433,.490,.357,.837,12.5,.084
117,2015,NBA,1,12,UTA,Trey Lyles\lylestr01,19.237,F,ca,Kentucky,2016,2020,312,17.5,7.4,4.1,1.1,0.4,0.3,.431,.495,.333,.702,8.7,.076
118,2016,NBA,1,12,UTA,Taurean Waller-Prince\princta02,22.099,F,us,Baylor,2017,2020,220,26.1,11.6,4.1,2.0,0.9,0.4,.423,.461,.382,.816,5.2,.043
119,2017,NBA,1,12,DET,Luke Kennard\kennalu01,21.003,G,us,Duke,2018,2020,160,23.1,9.7,2.7,2.1,0.5,0.2,.440,.477,.400,.863,7.1,.093
120,2018,NBA,1,12,LAC,Miles Bridges\bridgmi02,20.097,G-F,us,Michigan State,2019,2020,107,23.7,8.8,4.3,1.3,0.6,0.7,.455,.522,.350,.748,3.4,.065
121,2009,NBA,1,13,IND,Tyler Hansbrough\hansbty01,23.240,F,us,UNC,2010,2016,428,16.9,6.7,4.2,0.4,0.5,0.2,.439,.442,.136,.738,20.2,.134
122,2010,NBA,1,13,TOR,Ed Davis\davised01,21.024,F,us,UNC,2011,2020,653,20.1,6.4,6.7,0.8,0.5,0.8,.569,.570,.000,.583,41.6,.152
123,2011,NBA,1,13,PHO,Markieff Morris\morrima02,21.299,F,us,Kansas,2012,2020,603,25.8,11.6,5.4,1.7,0.9,0.6,.450,.482,.342,.777,24.5,.075
124,2012,NBA,1,13,PHO,Kendall Marshall\marshke01,20.319,G,us,UNC,2013,2016,160,19.3,5.0,1.6,4.9,0.7,0.1,.399,.422,.370,.611,1.0,.015
125,2013,NBA,1,13,DAL,Kelly Olynyk\olynyke01,22.075,C-F,ca,Gonzaga,2014,2020,457,21.7,9.8,4.9,1.9,0.7,0.5,.477,.548,.370,.770,26.4,.128
126,2014,NBA,1,13,MIN,Zach LaVine\lavinza01,19.113,G,us,UCLA,2015,2020,319,30.1,16.6,3.5,3.5,0.9,0.3,.445,.478,.379,.822,9.7,.048
127,2015,NBA,1,13,PHO,Devin Booker\bookede01,18.242,G,us,Kentucky,2016,2020,296,33.1,21.7,3.5,4.4,0.8,0.3,.443,.484,.358,.858,12.3,.060
128,2016,NBA,1,13,PHO,Georgios Papagiannis\papagge01,18.360,C,gr,,2017,2018,39,12.2,4.1,3.2,0.7,0.2,0.6,.514,.521,.000,.857,0.4,.044
129,2017,NBA,1,13,DEN,Donovan Mitchell\mitchdo01,20.293,G,us,Louisville,2018,2020,181,33.7,22.5,4.0,3.9,1.4,0.4,.436,.483,.352,.811,12.4,.097
130,2018,NBA,1,13,LAC,Jerome Robinson\robinje01,21.124,G,us,Boston College,2019,2020,54,10.9,3.5,1.4,0.7,0.3,0.2,.368,.446,.290,.579,0.0,-0.003
131,2009,NBA,1,14,PHO,Earl Clark\clarkea01,21.165,F,us,Louisville,2010,2015,261,13.9,4.4,3.0,0.5,0.3,0.5,.403,.424,.328,.664,2.9,.038
132,2010,NBA,1,14,HOU,Patrick Patterson\pattepa01,21.107,F,us,Kentucky,2011,2020,645,21.5,6.8,4.1,1.1,0.5,0.4,.448,.498,.369,.749,29.7,.102
133,2011,NBA,1,14,HOU,Marcus Morris\morrima03,21.299,F,us,Kansas,2012,2020,568,26.8,11.8,4.7,1.5,0.7,0.3,.431,.471,.368,.756,28.4,.090
134,2012,NBA,1,14,MIL,John Henson\hensojo01,21.188,C-F,us,UNC,2013,2020,412,20.0,7.8,5.4,1.1,0.5,1.5,.540,.546,.245,.568,19.4,.113
135,2013,NBA,1,14,UTA,Shabazz Muhammad\muhamsh01,20.231,F-G,us,UCLA,2014,2018,278,17.2,9.0,2.8,0.5,0.3,0.1,.473,.510,.319,.751,8.5,.085
136,2014,NBA,1,14,PHO,T.J. Warren\warretj01,20.299,F,us,NC State,2015,2020,286,28.2,14.7,4.1,1.1,1.0,0.5,.499,.526,.349,.771,15.0,.089
137,2015,NBA,1,14,OKC,Cameron Payne\payneca01,20.326,G,us,Murray State,2016,2019,153,16.0,6.0,1.8,2.5,0.7,0.2,.397,.443,.331,.775,2.2,.044
138,2016,NBA,1,14,CHI,Denzel Valentine\valende01,22.225,G,us,Michigan State,2017,2020,146,22.0,7.9,3.9,2.2,0.7,0.2,.404,.441,.377,.761,3.7,.055
139,2017,NBA,1,14,MIA,Bam Adebayo\adebaba01,19.344,C-F,us,Kentucky,2018,2020,175,23.3,9.0,7.0,2.2,0.8,0.8,.559,.571,.133,.712,14.3,.168
140,2018,NBA,1,14,DEN,Michael Porter\portemi01,19.362,F,us,Missouri,2020,2020,14,9.1,4.6,2.6,0.4,0.0,0.2,.446,.486,.368,.700,0.1,.053
141,2009,NBA,1,15,DET,Austin Daye\dayeau01,21.025,F,us,Gonzaga,2010,2015,293,14.1,5.2,2.6,0.7,0.4,0.4,.402,.433,.351,.778,4.5,.053
142,2010,NBA,1,15,MIL,Larry Sanders\sandela01,21.220,C-F,us,Virginia Commonwealth,2011,2017,238,19.5,6.4,5.7,0.7,0.6,1.8,.480,.481,.000,.553,10.3,.107
143,2011,NBA,1,15,IND,Kawhi Leonard\leonaka01,19.364,F,us,San Diego State,2012,2020,486,30.9,18.0,6.4,2.5,1.8,0.7,.492,.535,.381,.849,68.1,.218
144,2012,NBA,1,15,PHI,Maurice Harkless\harklma01,19.053,F-G,us,St. John's,2013,2020,501,23.1,7.3,3.7,0.9,1.0,0.7,.476,.545,.323,.612,20.5,.085
145,2013,NBA,1,15,MIL,Giannis Antetokounmpo\antetgi01,18.208,F-G,gr,,2014,2020,489,32.7,19.4,8.5,4.2,1.2,1.3,.524,.563,.283,.729,58.1,.175
146,2014,NBA,1,15,ATL,Adreian Payne\paynead01,23.133,F-C,us,Michigan State,2015,2018,107,13.1,4.0,2.9,0.6,0.4,0.3,.406,.430,.254,.680,-0.6,-0.019
147,2015,NBA,1,15,ATL,Kelly Oubre\oubreke01,19.203,F,us,Kansas,2016,2020,316,22.8,10.0,3.9,0.9,0.9,0.4,.427,.501,.322,.779,9.8,.065
148,2016,NBA,1,15,DEN,Juan Hernangómez\hernaju01,20.274,F,es,,2017,2020,172,15.6,5.0,3.2,0.6,0.4,0.2,.431,.522,.362,.754,5.3,.095
149,2017,NBA,1,15,POR,Justin Jackson\jacksju01,22.092,G-F,us,UNC,2018,2020,172,20.1,6.9,2.7,1.0,0.4,0.2,.445,.541,.341,.766,4.6,.064
150,2018,NBA,1,15,WAS,Troy Brown\browntr01,18.333,G-F,us,Oregon,2019,2020,72,16.3,5.5,3.5,1.7,0.7,0.1,.428,.481,.295,.708,1.1,.047
151,2009,NBA,1,16,CHI,James Johnson\johnsja01,22.131,F,us,Wake Forest,2010,2020,608,20.6,7.9,3.6,2.1,0.8,0.9,.477,.532,.304,.694,23.5,.090
152,2010,NBA,1,16,MIN,Luke Babbitt\babbilu01,21.009,F,us,Nevada,2011,2018,381,14.0,4.8,2.2,0.6,0.2,0.2,.408,.417,.402,.747,7.2,.065
153,2011,NBA,1,16,PHI,Nikola Vučević\vucevni01,20.247,C,ch,USC,2012,2020,550,30.1,15.7,10.2,2.5,0.9,1.0,.501,.515,.331,.744,43.2,.125
154,2012,NBA,1,16,HOU,Royce White\whitero03,21.085,F,us,Iowa State,2014,2014,3,3.0,0.0,0.0,0.0,0.0,0.0,.000,.000,,,0.0,-0.121
155,2013,NBA,1,16,BOS,Lucas Nogueira\noguelu01,20.341,C,br,,2015,2018,141,12.4,3.2,2.8,0.5,0.6,1.0,.632,.681,.265,.640,6.0,.165
156,2014,NBA,1,16,CHI,Jusuf Nurkić\nurkiju01,19.312,C,ba,,2015,2019,310,22.9,11.6,8.0,1.9,0.8,1.3,.491,.498,.071,.666,16.4,.111
157,2015,NBA,1,16,BOS,Terry Rozier\roziete01,21.105,G,us,Louisville,2016,2020,299,21.1,8.6,3.7,2.5,0.8,0.2,.388,.411,.362,.795,11.0,.083
158,2016,NBA,1,16,BOS,Guerschon Yabusele\yabusgu01,20.194,F,fr,,2018,2019,74,6.6,2.3,1.4,0.4,0.2,0.2,.442,.548,.323,.682,1.1,.105
159,2017,NBA,1,16,CHI,Justin Patton\pattoju01,20.013,C,us,Creighton,2018,2020,6,5.7,1.5,1.3,0.5,0.5,0.0,.333,.444,.000,.500,0.0,.006
160,2018,NBA,1,16,PHO,Zhaire Smith\smithzh01,19.022,G,us,Texas Tech,2019,2019,6,18.5,6.7,2.2,1.7,0.3,0.3,.412,.444,.375,.750,0.1,.048
161,2009,NBA,1,17,PHI,Jrue Holiday\holidjr01,19.018,G,us,UCLA,2010,2020,675,33.2,15.7,3.9,6.4,1.5,0.5,.453,.487,.354,.780,39.9,.085
162,2010,NBA,1,17,CHI,Kevin Séraphin\serapke01,20.204,F,gf,,2011,2017,423,15.2,5.9,3.5,0.6,0.2,0.7,.489,.491,.000,.715,5.9,.044
163,2011,NBA,1,17,NYK,Iman Shumpert\shumpim01,21.002,G,us,Georgia Tech,2012,2020,459,25.0,7.2,3.3,1.8,1.1,0.3,.392,.438,.338,.764,12.9,.054
164,2012,NBA,1,17,DAL,Tyler Zeller\zellety01,22.168,F-C,us,UNC,2013,2019,412,17.6,7.0,4.4,0.9,0.3,0.6,.509,.512,.286,.764,17.1,.113
165,2013,NBA,1,17,ATL,Dennis Schröder\schrode01,19.290,G,de,,2014,2020,455,25.0,13.6,2.8,4.6,0.8,0.1,.432,.471,.326,.824,13.7,.058
166,2014,NBA,1,17,BOS,James Young\youngja01,18.319,G-F,us,Kentucky,2015,2018,95,8.5,2.3,1.0,0.3,0.3,0.1,.367,.534,.277,.563,0.8,.046
167,2015,NBA,1,17,MIL,Rashad Vaughn\vaughra01,18.317,G,us,UNLV,2016,2018,139,12.0,3.0,1.1,0.5,0.4,0.2,.337,.366,.313,.692,-0.6,-0.017
168,2016,NBA,1,17,MEM,Wade Baldwin\baldwwa01,20.091,G,us,Vanderbilt,2017,2019,56,10.3,3.1,1.2,1.4,0.4,0.2,.355,.383,.250,.776,-0.3,-0.028
169,2017,NBA,1,17,MIL,D.J. Wilson\wilsodj01,21.129,F,us,Michigan,2018,2020,82,13.3,4.4,3.1,0.8,0.3,0.3,.432,.513,.356,.560,2.1,.093
170,2018,NBA,1,17,MIL,Donte DiVincenzo\divindo01,21.146,G,us,Villanova,2019,2020,49,17.9,6.5,3.2,1.3,0.9,0.2,.417,.561,.309,.763,1.8,.100
171,2009,NBA,1,18,MIN,Ty Lawson\lawsoty01,21.240,G,us,UNC,2010,2017,551,29.2,12.7,2.7,6.0,1.2,0.1,.460,.493,.359,.770,42.1,.126
172,2010,NBA,1,18,OKC,Eric Bledsoe\bledser01,20.202,G,us,Kentucky,2011,2020,595,27.9,14.1,4.0,4.8,1.5,0.5,.456,.505,.336,.794,39.6,.115
173,2011,NBA,1,18,WAS,Chris Singleton\singlch01,21.219,F,us,Florida State,2012,2014,148,17.6,4.1,3.2,0.6,0.8,0.4,.376,.400,.319,.633,2.3,.042
174,2012,NBA,1,18,HOU,Terrence Jones\joneste01,20.176,F,us,Kentucky,2013,2019,234,23.8,10.4,5.7,1.0,0.6,1.2,.501,.539,.297,.621,14.7,.127
175,2013,NBA,1,18,ATL,Shane Larkin\larkish01,20.273,G,us,Miami (FL),2014,2018,256,19.1,5.5,1.9,2.9,0.9,0.1,.422,.454,.336,.777,4.4,.044
176,2014,NBA,1,18,PHO,Tyler Ennis\ennisty01,19.311,G,ca,Syracuse,2015,2018,186,12.6,4.2,1.3,1.9,0.5,0.1,.419,.458,.317,.768,1.3,.026
177,2015,NBA,1,18,HOU,Sam Dekker\dekkesa01,21.055,F,us,Wisconsin,2016,2019,200,15.5,5.5,3.0,0.8,0.5,0.2,.478,.570,.288,.606,5.4,.083
178,2016,NBA,1,18,DET,Henry Ellenson\ellenhe01,19.166,F,us,Marquette,2017,2020,77,9.6,4.2,2.4,0.6,0.2,0.0,.377,.395,.353,.774,0.3,.022
179,2017,NBA,1,18,IND,T.J. Leaf\leaftj01,20.058,F,il,UCLA,2018,2020,126,9.0,3.5,2.1,0.3,0.2,0.2,.501,.539,.369,.618,2.8,.120
180,2018,NBA,1,18,SAS,Lonnie Walker\walkelo01,19.194,G,us,Miami (FL),2019,2020,34,7.9,3.5,1.2,0.5,0.4,0.2,.416,.429,.379,.600,0.1,.014
181,2009,NBA,1,19,ATL,Jeff Teague\teaguje01,21.020,G,us,Wake Forest,2010,2020,732,27.8,12.7,2.5,5.9,1.2,0.3,.446,.475,.357,.843,50.0,.118
182,2010,NBA,1,19,BOS,Avery Bradley\bradlav01,19.215,G,us,Texas,2011,2020,533,28.6,12.0,3.0,1.8,1.0,0.2,.436,.471,.363,.778,15.1,.047
183,2011,NBA,1,19,CHA,Tobias Harris\harrito02,18.347,F,us,Tennessee,2012,2020,572,30.6,15.6,6.0,1.9,0.7,0.5,.471,.514,.362,.820,42.0,.115
184,2012,NBA,1,19,ORL,Andrew Nicholson\nichoan01,22.208,F,ca,St. Bonaventure,2013,2017,285,14.3,6.0,3.0,0.4,0.3,0.3,.467,.498,.321,.773,3.8,.045
185,2013,NBA,1,19,CLE,Sergey Karasev\karasse01,19.249,G-F,ru,,2014,2016,95,11.7,3.0,1.5,0.9,0.3,0.0,.395,.489,.282,.842,0.8,.036
186,2014,NBA,1,19,CHI,Gary Harris\harriga01,19.290,G,us,Michigan State,2015,2020,335,28.7,12.3,2.6,2.1,1.2,0.2,.457,.521,.365,.801,17.4,.087
187,2015,NBA,1,19,WAS,Jerian Grant\grantje02,22.264,G,us,Notre Dame,2016,2019,273,18.0,6.1,1.9,2.9,0.7,0.1,.412,.465,.324,.771,8.3,.081
188,2016,NBA,1,19,DEN,Malik Beasley\beaslma01,19.214,G,us,Florida State,2017,2020,183,15.9,7.2,1.7,0.9,0.5,0.1,.452,.519,.390,.793,5.1,.085
189,2017,NBA,1,19,ATL,John Collins\collijo01,19.277,F,us,Wake Forest,2018,2020,140,27.0,14.6,8.4,1.6,0.5,0.9,.564,.603,.357,.742,11.9,.151
190,2018,NBA,1,19,ATL,Kevin Huerter\huertke01,19.303,G,us,Maryland,2019,2020,89,26.6,9.5,3.2,2.9,0.8,0.3,.417,.460,.383,.753,1.9,.038
191,2009,NBA,1,20,UTA,Eric Maynor\maynoer01,22.020,G,us,Virginia Commonwealth,2010,2014,267,14.6,4.3,1.3,2.8,0.4,0.1,.392,.409,.350,.721,3.3,.041
192,2010,NBA,1,20,SAS,James Anderson\anderja01,21.096,G-F,us,Oklahoma State,2011,2016,247,17.5,5.8,2.3,1.2,0.5,0.2,.411,.495,.321,.755,3.3,.037
193,2011,NBA,1,20,MIN,Donatas Motiejūnas\motiedo01,20.281,F-C,lt,,2013,2019,251,18.2,7.3,3.8,1.1,0.5,0.3,.469,.529,.300,.597,7.1,.075
194,2012,NBA,1,20,DEN,Evan Fournier\fournev01,19.247,G-F,fr,,2013,2020,481,28.1,13.8,2.8,2.6,0.8,0.1,.448,.499,.375,.807,21.8,.077
195,2013,NBA,1,20,CHI,Tony Snell\snellto01,21.235,G-F,us,New Mexico,2014,2020,463,22.0,6.3,2.3,1.0,0.5,0.2,.427,.482,.387,.822,14.5,.068
196,2014,NBA,1,20,TOR,Bruno Caboclo\cabocbr01,18.283,F,br,,2015,2020,84,14.0,4.7,2.7,0.8,0.3,0.6,.400,.477,.328,.831,1.3,.053
197,2015,NBA,1,20,TOR,Delon Wright\wrighde01,23.065,G,us,Utah,2016,2020,220,19.4,7.4,2.8,2.8,1.0,0.4,.449,.499,.334,.798,12.3,.138
198,2016,NBA,1,20,IND,Caris LeVert\leverca01,21.308,G-F,us,Michigan,2017,2020,177,25.1,11.4,3.6,3.4,1.0,0.3,.436,.493,.331,.703,5.6,.061
199,2017,NBA,1,20,POR,Harry Giles\gilesha01,19.066,F-C,us,Duke,2019,2020,65,13.4,6.6,3.5,1.4,0.5,0.4,.499,.507,.000,.645,0.9,.051
200,2018,NBA,1,20,MIN,Josh Okogie\okogijo01,19.298,G,ng,Georgia Tech,2019,2020,96,24.1,8.0,3.4,1.3,1.2,0.4,.397,.472,.292,.750,2.2,.046
201,2009,NBA,1,21,NOH,Darren Collison\collida01,21.312,G,us,UCLA,2010,2019,708,29.4,12.5,2.7,5.0,1.2,0.1,.471,.495,.394,.853,49.9,.115
202,2010,NBA,1,21,OKC,Craig Brackins\brackcr01,22.264,F,us,Iowa State,2011,2012,17,7.1,1.8,1.1,0.5,0.1,0.1,.265,.286,.214,.500,-0.2,-0.089
203,2011,NBA,1,21,POR,Nolan Smith\smithno01,22.338,G,us,Duke,2012,2013,84,9.9,3.3,1.0,1.2,0.3,0.0,.371,.407,.260,.714,-0.8,-0.047
204,2012,NBA,1,21,BOS,Jared Sullinger\sullija01,20.121,F,us,Ohio State,2013,2017,269,24.3,10.8,7.5,1.8,0.7,0.6,.436,.476,.272,.723,15.3,.113
205,2013,NBA,1,21,UTA,Gorgui Dieng\dienggo01,23.166,C,sn,Louisville,2014,2020,472,22.2,7.8,6.1,1.4,0.8,1.0,.503,.518,.326,.789,24.9,.114
206,2014,NBA,1,21,OKC,Mitch McGary\mcgarmi01,22.025,F-C,us,Michigan,2015,2016,52,10.7,4.4,3.5,0.3,0.3,0.3,.527,.544,.000,.580,1.3,.108
207,2015,NBA,1,21,DAL,Justin Anderson\anderju01,21.223,G,us,Virginia,2016,2019,216,13.2,5.3,2.6,0.7,0.4,0.3,.419,.523,.302,.778,4.7,.079
208,2016,NBA,1,21,ATL,DeAndre' Bembry\bembrde01,21.360,F,us,Saint Joseph's,2017,2020,171,19.7,6.4,3.5,2.0,1.0,0.4,.452,.514,.274,.586,1.1,.016
209,2017,NBA,1,21,OKC,Terrance Ferguson\fergute01,19.041,G-F,us,,2018,2020,154,20.7,5.3,1.5,0.7,0.5,0.2,.425,.576,.356,.757,4.5,.068
210,2018,NBA,1,21,UTA,Grayson Allen\allengr01,22.262,G,us,Duke,2019,2020,51,13.0,6.2,1.2,0.9,0.2,0.1,.389,.453,.331,.779,0.1,.006
211,2009,NBA,1,22,POR,Victor Claver\clavevi01,20.304,F,es,,2013,2015,80,13.4,3.2,2.2,0.7,0.4,0.2,.398,.489,.293,.585,0.2,.011
212,2010,NBA,1,22,POR,Elliot Williams\williel01,21.009,G,us,Memphis,2012,2016,109,13.5,4.9,1.5,0.9,0.4,0.1,.421,.489,.310,.669,0.7,.024
213,2011,NBA,1,22,DEN,Kenneth Faried\farieke01,21.221,F,us,Morehead State University,2012,2019,478,24.5,11.4,8.1,1.0,0.7,0.8,.546,.550,.222,.654,38.8,.159
214,2012,NBA,1,22,BOS,Fab Melo\melofa01,22.014,C,br,Syracuse,2013,2013,6,6.0,1.2,0.5,0.0,0.3,0.3,.500,.500,,.250,0.0,.021
215,2013,NBA,1,22,BRK,Mason Plumlee\plumlma01,23.120,C-F,us,Duke,2014,2020,494,21.9,8.4,6.3,2.2,0.8,1.0,.570,.576,.065,.564,32.2,.143
216,2014,NBA,1,22,MEM,Jordan Adams\adamsjo01,19.358,G,us,UCLA,2015,2016,32,8.2,3.2,0.9,0.6,0.6,0.2,.402,.409,.385,.607,0.4,.070
217,2015,NBA,1,22,CHI,Bobby Portis\portibo01,20.140,F,us,Arkansas,2016,2020,274,20.4,10.1,6.1,1.1,0.5,0.3,.454,.486,.359,.750,9.4,.081
218,2016,NBA,1,22,CHO,Malachi Richardson\richama01,20.175,G,us,Syracuse,2017,2019,70,8.9,2.8,1.0,0.3,0.2,0.0,.358,.415,.301,.783,-0.1,-0.009
219,2017,NBA,1,22,BRK,Jarrett Allen\allenja01,19.067,C-F,us,Texas,2018,2020,176,23.7,10.0,7.5,1.1,0.5,1.4,.602,.626,.180,.705,15.0,.173
220,2018,NBA,1,22,CHI,Chandler Hutchison\hutchch01,22.061,G,us,Boise State,2019,2020,53,19.8,5.5,4.1,0.8,0.5,0.2,.458,.508,.306,.627,0.7,.034
221,2009,NBA,1,23,SAC,Omri Casspi\casspom01,21.008,F,il,,2010,2019,588,20.3,7.9,4.0,1.1,0.6,0.2,.454,.502,.368,.678,19.6,.078
222,2010,NBA,1,23,MIN,Trevor Booker\booketr01,22.217,F,us,Clemson,2011,2018,532,20.4,6.9,5.5,1.1,0.7,0.5,.515,.534,.305,.636,26.2,.116
223,2011,NBA,1,23,HOU,Nikola Mirotić\mirotni01,20.137,F,me,,2015,2019,319,24.2,12.3,5.9,1.3,0.8,0.7,.423,.502,.359,.808,20.8,.129
224,2012,NBA,1,23,ATL,John Jenkins\jenkijo01,21.120,G,us,Vanderbilt,2013,2019,171,12.8,5.0,1.5,0.8,0.2,0.1,.441,.503,.367,.847,3.0,.065
225,2013,NBA,1,23,IND,Solomon Hill\hillso01,22.107,F,us,Arizona,2014,2020,327,22.5,5.9,3.3,1.6,0.7,0.2,.395,.447,.332,.800,9.6,.063
226,2014,NBA,1,23,UTA,Rodney Hood\hoodro01,21.254,G-F,us,Duke,2015,2020,341,27.3,12.5,2.9,1.9,0.8,0.2,.426,.467,.372,.839,17.2,.089
227,2015,NBA,1,23,POR,Rondae Hollis-Jefferson\holliro01,20.178,F,us,Arizona,2016,2020,251,23.4,9.8,5.8,1.9,1.0,0.6,.449,.473,.222,.738,10.3,.084
228,2016,NBA,1,23,BOS,Ante Žižić\zizican01,19.175,F-C,hr,,2018,2020,99,13.9,6.2,4.1,0.6,0.2,0.4,.578,.578,,.713,3.1,.109
229,2017,NBA,1,23,TOR,OG Anunoby\anunoog01,19.345,F,gb,Indiana,2018,2020,164,21.5,7.1,3.1,0.9,0.8,0.4,.471,.587,.359,.605,7.0,.096
230,2018,NBA,1,23,IND,Aaron Holiday\holidaa01,21.269,G,us,UCLA,2019,2020,73,15.5,6.9,1.7,2.0,0.5,0.2,.406,.447,.360,.831,1.6,.067
231,2009,NBA,1,24,DAL,Byron Mullens\mulleby01,20.136,C,us,Ohio State,2010,2014,189,18.2,7.4,4.2,0.8,0.4,0.5,.408,.438,.319,.706,0.6,.008
232,2010,NBA,1,24,ATL,Damion James\jamesda01,22.266,G-F,us,Texas,2011,2014,39,16.0,3.8,3.4,0.7,0.6,0.5,.415,.433,.000,.667,0.0,-0.001
233,2011,NBA,1,24,OKC,Reggie Jackson\jacksre01,21.073,G,it,Boston College,2012,2020,532,25.2,12.9,3.0,4.4,0.7,0.1,.428,.471,.332,.859,28.3,.101
234,2012,NBA,1,24,CLE,Jared Cunningham\cunnija01,21.043,G,us,Oregon State,2013,2016,84,7.2,2.3,0.7,0.5,0.3,0.0,.347,.369,.306,.674,0.2,.017
235,2013,NBA,1,24,NYK,Tim Hardaway\hardati02,21.108,G,us,Michigan,2014,2020,427,26.0,13.0,2.5,1.8,0.6,0.1,.418,.491,.345,.816,16.7,.072
236,2014,NBA,1,24,CHH,Shabazz Napier\napiesh01,22.353,G,us,UConn,2015,2020,301,16.1,6.4,1.7,2.1,0.8,0.1,.392,.434,.348,.816,6.6,.065
237,2015,NBA,1,24,CLE,Tyus Jones\jonesty01,19.050,G,us,Duke,2016,2020,271,17.9,5.1,1.5,3.5,1.0,0.1,.415,.461,.323,.809,8.6,.085
238,2016,NBA,1,24,PHI,Timothé Luwawu-Cabarrot\luwawti01,21.051,F,fr,,2017,2020,173,15.4,5.6,1.8,0.9,0.4,0.1,.386,.456,.319,.817,1.8,.032
239,2017,NBA,1,24,UTA,Tyler Lydon\lydonty01,21.079,F,us,Syracuse,2018,2019,26,3.7,0.9,0.7,0.2,0.1,0.0,.500,.625,.400,.333,0.2,.084
240,2018,NBA,1,24,POR,Anfernee Simons\simonan01,19.018,G,us,,2019,2020,46,15.4,7.4,1.4,1.2,0.3,0.1,.430,.506,.345,.695,0.6,.039
241,2009,NBA,1,25,OKC,Rodrigue Beaubois\beaubro01,21.127,G,gp,,2010,2013,182,15.9,7.1,1.9,2.1,0.7,0.3,.439,.500,.325,.810,4.8,.079
242,2010,NBA,1,25,MEM,Dominique Jones\jonesdo02,21.257,G,us,South Florida,2011,2013,80,9.3,3.1,1.4,1.8,0.4,0.1,.366,.393,.095,.729,0.3,.017
243,2011,NBA,1,25,BOS,MarShon Brooks\brookma01,22.153,G-F,us,Providence,2012,2019,200,17.3,8.0,2.1,1.4,0.6,0.2,.447,.478,.345,.751,3.3,.046
244,2012,NBA,1,25,MEM,Tony Wroten\wroteto01,19.081,G,us,Washington,2013,2016,145,21.2,11.1,2.5,3.0,0.9,0.2,.413,.477,.231,.647,-1.3,-0.021
245,2013,NBA,1,25,LAC,Reggie Bullock\bullore01,22.109,G-F,us,UNC,2014,2019,272,19.3,6.8,2.1,1.1,0.5,0.1,.434,.495,.392,.828,9.7,.089
246,2014,NBA,1,25,HOU,Clint Capela\capelca01,20.044,C,ch,,2015,2020,315,25.6,12.1,9.5,0.9,0.7,1.5,.636,.637,.000,.522,34.1,.203
247,2015,NBA,1,25,MEM,Jarell Martin\martija01,21.037,F,us,LSU,2016,2019,184,15.9,5.4,3.5,0.6,0.4,0.4,.434,.457,.346,.766,3.2,.053
248,2016,NBA,1,25,LAC,Brice Johnson\johnsbr02,22.002,F,us,UNC,2017,2018,21,5.1,2.2,1.6,0.1,0.5,0.3,.449,.458,.000,.600,0.1,.062
249,2017,NBA,1,25,ORL,Anžejs Pasečņiks\pasecan01,21.190,C,lv,,,,,,,,,,,,,,,,
250,2018,NBA,1,25,LAL,Moritz Wagner\wagnemo01,21.061,F-C,de,Michigan,2019,2020,64,13.7,7.0,3.3,0.8,0.4,0.4,.495,.606,.331,.823,1.2,.064
251,2009,NBA,1,26,CHI,Taj Gibson\gibsota01,24.007,F,us,USC,2010,2020,760,25.6,9.7,6.4,1.0,0.6,1.1,.512,.517,.211,.708,50.5,.125
252,2010,NBA,1,26,OKC,Quincy Pondexter\pondequ01,22.111,G-F,us,Washington,2011,2019,355,15.6,4.5,1.8,0.7,0.3,0.1,.423,.475,.356,.746,9.7,.084
253,2011,NBA,1,26,DAL,Jordan Hamilton\hamiljo02,20.265,G-F,us,Texas,2012,2016,151,13.9,5.9,2.8,0.8,0.5,0.2,.408,.451,.357,.670,3.0,.069
254,2012,NBA,1,26,IND,Miles Plumlee\plumlmi01,23.306,C-F,us,Duke,2013,2019,346,16.4,4.9,4.5,0.5,0.4,0.7,.542,.542,,.543,10.6,.090
255,2013,NBA,1,26,MIN,Andre Roberson\roberan03,21.211,G-F,us,Colorado,2014,2018,295,22.5,4.6,4.0,0.9,0.9,0.7,.482,.609,.257,.467,12.7,.092
256,2014,NBA,1,26,MIA,P.J. Hairston\hairspj02,21.189,G-F,us,UNC,2015,2016,111,18.0,6.0,2.4,0.5,0.5,0.2,.343,.414,.295,.810,0.9,.021
257,2015,NBA,1,26,SAS,Nikola Milutinov\milutni01,20.182,C,rs,,,,,,,,,,,,,,,,
258,2016,NBA,1,26,PHI,Furkan Korkmaz\korkmfu01,18.339,G,tr,,2018,2020,87,15.0,5.9,2.0,0.9,0.4,0.1,.405,.503,.342,.797,2.1,.076
259,2017,NBA,1,26,POR,Caleb Swanigan\swanica01,20.070,F,us,Purdue,2018,2020,52,7.3,2.1,2.3,0.5,0.2,0.1,.374,.410,.133,.655,-0.3,-0.034
260,2018,NBA,1,26,PHI,Landry Shamet\shamela01,21.105,G,us,Wichita State,2019,2020,89,23.6,9.1,1.7,1.5,0.5,0.1,.426,.456,.414,.825,3.9,.090
261,2009,NBA,1,27,MEM,DeMarre Carroll\carrode01,22.339,F,us,Missouri,2010,2020,565,23.9,9.0,4.3,1.3,0.9,0.3,.429,.484,.359,.742,29.2,.104
262,2010,NBA,1,27,NJN,Jordan Crawford\crawfjo02,21.249,G,us,Xavier,2011,2018,281,24.4,12.2,2.5,3.1,0.7,0.1,.411,.458,.317,.826,6.3,.044
263,2011,NBA,1,27,NJN,JaJuan Johnson\johnsja02,22.140,F,us,Purdue,2012,2012,36,8.3,3.2,1.6,0.2,0.1,0.4,.446,.446,,.667,0.2,.032
264,2012,NBA,1,27,MIA,Arnett Moultrie\moultar01,21.228,F,us,Mississippi State,2013,2014,59,12.4,3.6,3.1,0.2,0.4,0.2,.547,.547,,.667,1.7,.113
265,2013,NBA,1,27,DEN,Rudy Gobert\goberru01,21.006,C,fr,,2014,2020,429,29.0,11.3,10.7,1.3,0.7,2.2,.632,.633,.000,.630,56.3,.217
266,2014,NBA,1,27,PHO,Bogdan Bogdanović\bogdabo01,21.317,G,rs,,2018,2020,170,27.8,13.1,3.1,3.6,1.0,0.2,.428,.472,.375,.810,6.6,.067
267,2015,NBA,1,27,LAL,Larry Nance\nancela02,22.180,F-C,us,Wyoming,2016,2020,282,23.1,7.8,6.6,1.7,1.2,0.5,.535,.568,.317,.700,17.8,.131
268,2016,NBA,1,27,TOR,Pascal Siakam\siakapa01,22.088,F,cm,New Mexico State,2017,2020,240,24.9,11.5,5.4,2.1,0.8,0.7,.514,.573,.324,.760,17.9,.144
269,2017,NBA,1,27,BRK,Kyle Kuzma\kuzmaky01,21.339,F,us,Utah,2018,2020,167,31.0,16.6,5.6,2.0,0.6,0.4,.452,.531,.338,.728,7.3,.068
270,2018,NBA,1,27,BOS,Robert Williams\williro04,20.252,C-F,us,Texas A&M,2019,2020,51,10.8,3.0,3.3,0.5,0.5,1.2,.690,.690,,.586,2.3,.201
271,2009,NBA,1,28,MIN,Wayne Ellington\ellinwa01,21.214,G,us,UNC,2010,2020,663,21.1,8.1,2.2,1.1,0.5,0.1,.409,.447,.377,.844,17.6,.060
272,2010,NBA,1,28,MEM,Greivis Vásquez\vasqugr01,23.165,G,ve,Maryland,2011,2017,401,23.7,9.0,2.5,4.8,0.6,0.1,.418,.456,.349,.817,12.6,.064
273,2011,NBA,1,28,CHI,Norris Cole\coleno01,22.258,G,us,Cleveland State University,2012,2017,360,22.3,7.0,2.0,2.7,0.8,0.1,.407,.436,.324,.743,3.0,.018
274,2012,NBA,1,28,OKC,Perry Jones\jonespe01,20.283,F,us,Baylor,2013,2015,143,11.7,3.4,1.8,0.4,0.3,0.2,.420,.466,.293,.660,1.7,.048
275,2013,NBA,1,28,SAS,Livio Jean-Charles\jeancli01,19.236,F,gf,,,,,,,,,,,,,,,,
276,2014,NBA,1,28,LAC,C.J. Wilcox\wilcocj01,23.184,G,us,Washington,2015,2017,66,5.7,2.0,0.5,0.5,0.2,0.1,.370,.397,.333,.813,0.1,.007
277,2015,NBA,1,28,BOS,R.J. Hunter\hunterj01,21.249,G,us,Georgia State University,2016,2019,45,8.8,3.0,1.0,0.4,0.4,0.1,.371,.523,.295,.818,0.4,.051
278,2016,NBA,1,28,PHO,Skal Labissière\labissk01,20.102,F,ht,Kentucky,2017,2020,141,17.5,7.2,4.4,1.0,0.4,0.7,.489,.503,.358,.740,4.0,.078
279,2017,NBA,1,28,LAL,Tony Bradley\bradlto01,19.170,F-C,us,UNC,2018,2020,30,7.6,3.4,3.0,0.2,0.1,0.3,.543,.550,.000,.700,0.9,.178
280,2018,NBA,1,28,GSW,Jacob Evans\evansja02,21.008,G-F,us,Cincinnati,2019,2020,35,7.5,1.7,0.9,0.7,0.1,0.1,.338,.333,.348,.800,-0.1,-0.024
281,2009,NBA,1,29,LAL,Toney Douglas\douglto01,23.107,G,us,Florida State,2010,2017,394,19.1,7.6,2.2,2.3,0.9,0.1,.404,.448,.354,.824,12.1,.077
282,2010,NBA,1,29,ORL,Daniel Orton\ortonda01,19.327,C-F,us,Kentucky,2012,2014,51,10.6,2.8,2.5,0.5,0.4,0.5,.485,.490,.000,.597,1.0,.093
283,2011,NBA,1,29,SAS,Cory Joseph\josepco01,19.312,G,ca,Texas,2012,2020,552,21.7,6.9,2.6,2.9,0.8,0.2,.440,.474,.324,.766,22.2,.089
284,2012,NBA,1,29,CHI,Marquis Teague\teaguma01,19.125,G,us,Kentucky,2013,2018,91,10.0,2.4,1.0,1.5,0.3,0.1,.343,.369,.222,.661,-0.9,-0.045
285,2013,NBA,1,29,OKC,Archie Goodwin\goodwar01,18.319,G,us,Kentucky,2014,2017,165,14.5,6.3,2.0,1.2,0.4,0.2,.429,.484,.236,.700,1.1,.022
286,2014,NBA,1,29,OKC,Josh Huestis\huestjo01,22.195,F,us,Stanford,2016,2018,76,14.1,2.5,2.4,0.3,0.2,0.6,.346,.400,.312,.240,0.7,.030
287,2015,NBA,1,29,BRK,Chris McCullough\mcculch01,20.145,F,us,Syracuse,2016,2018,59,9.0,3.3,1.9,0.3,0.5,0.3,.426,.470,.306,.548,0.6,.054
288,2016,NBA,1,29,SAS,Dejounte Murray\murrade01,19.282,G,us,Washington,2017,2020,140,18.1,7.0,4.5,2.6,1.0,0.3,.443,.460,.277,.727,3.8,.072
289,2017,NBA,1,29,SAS,Derrick White\whitede01,22.361,G,us,Colorado,2018,2020,106,22.6,8.8,3.1,3.2,0.8,0.6,.477,.519,.369,.773,5.0,.101
290,2018,NBA,1,29,BRK,Džanan Musa\musadz01,19.049,G-F,ba,,2019,2020,28,11.9,4.0,1.9,0.9,0.4,0.0,.339,.500,.175,.697,-0.4,-0.051
291,2009,NBA,1,30,CLE,Christian Eyenga\eyengch01,20.008,F,cd,,2011,2012,51,20.6,6.3,2.7,0.8,0.7,0.6,.411,.464,.277,.611,-0.4,-0.020
292,2010,NBA,1,30,WAS,Lazar Hayward\haywala01,23.216,F,us,Marquette,2011,2013,72,8.2,2.9,1.3,0.5,0.2,0.1,.347,.395,.269,.767,0.2,.020
293,2011,NBA,1,30,CHI,Jimmy Butler\butleji01,21.287,F-G,us,Marquette,2012,2020,543,33.0,16.8,5.0,3.6,1.6,0.5,.453,.485,.339,.835,69.8,.187
294,2012,NBA,1,30,GSW,Festus Ezeli\ezelife01,22.256,C,ng,Vanderbilt,2013,2016,170,14.1,4.2,4.3,0.4,0.3,1.0,.513,.513,,.557,5.9,.119
295,2013,NBA,1,30,PHO,Nemanja Nedović\nedovne01,22.017,G,rs,,2014,2014,24,5.9,1.1,0.6,0.5,0.0,0.0,.205,.238,.167,.875,-0.4,-0.132
296,2014,NBA,1,30,SAS,Kyle Anderson\anderky01,20.284,F-G,us,UCLA,2015,2020,318,19.6,5.4,3.9,1.9,1.0,0.5,.492,.520,.318,.697,16.0,.123
297,2015,NBA,1,30,GSW,Kevon Looney\looneke01,19.144,F-C,us,UCLA,2016,2020,210,13.9,4.4,3.7,0.9,0.5,0.6,.589,.604,.222,.593,10.3,.169
298,2016,NBA,1,30,GSW,Damian Jones\jonesda03,20.364,F-C,us,Vanderbilt,2017,2020,73,14.1,4.8,2.8,0.6,0.3,0.7,.673,.679,.400,.619,3.0,.139
299,2017,NBA,1,30,UTA,Josh Hart\hartjo01,22.114,G,us,Villanova,2018,2020,148,24.8,8.3,4.2,1.3,0.9,0.4,.431,.531,.360,.707,6.1,.081
300,2018,NBA,1,30,ATL,Omari Spellman\spellom01,20.340,F,us,Villanova,2019,2020,71,17.7,6.5,4.7,1.0,0.6,0.6,.415,.468,.350,.775,1.9,.071
301,2009,NBA,2,31,SAC,Jeff Ayres\pendeje02,22.063,F,us,Arizona State,2010,2016,237,9.8,2.9,2.7,0.4,0.2,0.3,.553,.554,.400,.776,6.3,.131
302,2010,NBA,2,31,NJN,Tibor Pleiß\pleisti01,20.239,C,de,,2016,2016,12,6.8,2.0,1.3,0.2,0.1,0.2,.440,.478,.000,1.000,-0.1,-0.041
303,2011,NBA,2,31,MIA,Bojan Bogdanović\bogdabo02,22.071,G-F,ba,,2015,2020,423,28.1,13.7,3.4,1.4,0.6,0.1,.462,.515,.393,.849,20.0,.081
304,2012,NBA,2,31,CHA,Jeffery Taylor\tayloje03,23.042,F,se,Vanderbilt,2013,2015,132,19.4,6.1,2.0,0.8,0.5,0.2,.409,.458,.319,.665,1.3,.024
305,2013,NBA,2,31,CLE,Allen Crabbe\crabbal01,21.084,G-F,us,California,2014,2020,357,24.4,9.4,2.9,1.2,0.6,0.3,.428,.473,.391,.834,14.0,.077
306,2014,NBA,2,31,MIL,Damien Inglis\inglida01,19.042,F,gf,,2016,2016,20,7.8,1.8,1.6,0.5,0.3,0.2,.351,.417,.231,.875,-0.1,-0.024
307,2015,NBA,2,31,MIN,Cedi Osman\osmande01,20.083,F,mk,,2018,2020,162,23.7,9.0,3.5,1.8,0.7,0.1,.434,.505,.352,.726,2.8,.035
308,2016,NBA,2,31,BOS,Deyonta Davis\davisde01,19.208,C-F,us,Michigan State,2017,2019,107,12.1,4.2,3.2,0.4,0.2,0.6,.599,.601,.000,.635,3.6,.131
309,2017,NBA,2,31,CHO,Frank Jackson\jacksfr01,19.054,G,us,Duke,2019,2020,83,18.0,7.8,2.0,1.1,0.4,0.0,.419,.490,.312,.762,0.2,.006
310,2018,NBA,2,31,PHO,Élie Okobo\okoboel01,20.246,G,fr,,2019,2020,69,16.1,5.3,1.6,2.4,0.5,0.1,.395,.465,.312,.706,-0.1,-0.005
311,2009,NBA,2,32,WAS,Jermaine Taylor\tayloje02,22.205,G,us,Central Florida,2010,2011,65,12.1,5.4,1.7,0.7,0.4,0.1,.441,.484,.284,.730,0.2,.014
312,2010,NBA,2,32,MIA,Dexter Pittman\pittmde01,22.119,C,us,Texas,2011,2014,50,6.9,2.3,1.8,0.2,0.2,0.2,.450,.450,,.545,0.5,.068
313,2011,NBA,2,32,CLE,Justin Harper\harpeju01,21.302,F,us,Richmond,2012,2017,22,6.8,2.0,0.8,0.2,0.1,0.1,.340,.417,.276,.333,-0.3,-0.093
314,2012,NBA,2,32,WAS,Tomáš Satoranský\satorto01,20.247,G,cz,,2017,2020,236,22.2,6.9,2.9,3.9,0.8,0.2,.482,.518,.399,.804,11.9,.109
315,2013,NBA,2,32,OKC,Álex Abrines\abrinal01,19.335,G-F,es,,2017,2019,174,16.0,5.3,1.4,0.5,0.5,0.1,.387,.443,.368,.880,5.0,.086
316,2014,NBA,2,32,PHI,K.J. McDaniels\mcdankj01,21.142,G-F,us,Clemson,2015,2017,148,14.1,5.3,2.2,0.6,0.5,0.6,.412,.479,.290,.776,1.3,.030
317,2015,NBA,2,32,HOU,Montrezl Harrell\harremo01,21.155,F-C,us,Louisville,2016,2020,281,20.1,11.9,4.7,1.3,0.6,0.9,.623,.633,.119,.628,22.6,.192
318,2016,NBA,2,32,LAL,Ivica Zubac\zubaciv01,19.102,C,ba,,2017,2020,166,15.0,7.2,4.9,0.9,0.2,0.8,.547,.551,.000,.775,7.6,.146
319,2017,NBA,2,32,PHO,Davon Reed\reedda01,22.017,G,us,Miami (FL),2018,2019,31,9.3,2.4,1.5,0.5,0.4,0.1,.307,.304,.310,.667,-0.2,-0.039
320,2018,NBA,2,32,MEM,Jevon Carter\carteje01,22.286,G,us,West Virginia,2019,2020,55,14.6,4.3,1.7,1.8,0.7,0.3,.325,.288,.353,.833,0.2,.013
321,2009,NBA,2,33,POR,Dante Cunningham\cunnida01,22.070,F,us,Villanova,2010,2019,715,20.8,5.8,3.7,0.7,0.6,0.5,.469,.494,.345,.649,24.9,.080
322,2010,NBA,2,33,SAC,Hassan Whiteside\whiteha01,21.016,C,us,Marshall,2011,2020,366,26.2,13.5,11.5,0.6,0.6,2.3,.577,.579,.263,.604,39.9,.200
323,2011,NBA,2,33,DET,Kyle Singler\singlky01,23.055,F,us,Duke,2013,2018,356,21.9,6.5,2.9,0.8,0.6,0.3,.418,.458,.362,.786,10.0,.062
324,2012,NBA,2,33,CLE,Bernard James\jamesbe01,27.148,C,us,Florida State,2013,2015,92,8.3,2.2,2.3,0.1,0.2,0.7,.497,.507,.000,.680,1.9,.117
325,2013,NBA,2,33,CLE,Carrick Felix\felixca01,22.320,G,us,Arizona State,2014,2014,7,5.4,2.7,0.9,0.6,0.0,0.0,.500,.556,.400,.750,0.0,.057
326,2014,NBA,2,33,CLE,Joe Harris\harrijo01,22.299,G,us,Virginia,2015,2020,286,23.3,9.8,2.9,1.5,0.4,0.2,.476,.537,.429,.799,12.1,.087
327,2015,NBA,2,33,BOS,Jordan Mickey\mickejo01,20.356,F,us,LSU,2016,2018,64,7.5,2.4,2.0,0.3,0.1,0.4,.449,.496,.118,.605,0.5,.050
328,2016,NBA,2,33,LAC,Cheick Diallo\diallch01,19.288,F,ml,Kansas,2017,2020,150,12.3,5.5,4.5,0.4,0.3,0.4,.596,.598,.400,.760,5.7,.149
329,2017,NBA,2,33,ORL,Wesley Iwundu\iwundwe01,22.190,F,us,Kansas State,2018,2020,142,17.1,4.3,2.4,1.0,0.5,0.3,.411,.453,.287,.792,2.7,.053
330,2018,NBA,2,33,DAL,Jalen Brunson\brunsja01,21.299,G,us,Villanova,2019,2020,97,20.3,8.8,2.3,3.0,0.5,0.0,.473,.534,.344,.722,3.7,.091
331,2009,NBA,2,34,DEN,Sergio Llull\llullse01,21.228,G,es,,,,,,,,,,,,,,,,
332,2010,NBA,2,34,POR,Armon Johnson\johnsar02,21.126,G,us,Nevada,2011,2012,47,8.5,3.3,1.0,1.2,0.2,0.0,.458,.465,.400,.679,-0.1,-0.015
333,2011,NBA,2,34,WAS,Shelvin Mack\macksh01,21.067,G,us,Butler,2012,2019,456,18.4,6.6,2.0,3.1,0.7,0.1,.423,.470,.330,.731,10.3,.059
334,2012,NBA,2,34,CLE,Jae Crowder\crowdja01,21.363,F,us,Marquette,2013,2020,567,24.5,9.5,4.0,1.5,1.0,0.3,.422,.514,.338,.776,29.4,.102
335,2013,NBA,2,34,HOU,Isaiah Canaan\canaais01,22.043,G,us,Murray State,2014,2019,235,20.4,8.1,1.9,1.9,0.6,0.1,.371,.404,.351,.836,4.3,.043
336,2014,NBA,2,34,NYK,Cleanthony Early\earlycl01,23.076,F,us,Wichita State,2015,2016,56,14.3,4.3,2.2,0.8,0.5,0.3,.346,.400,.263,.750,-0.6,-0.039
337,2015,NBA,2,34,LAL,Anthony Brown\brownan02,22.263,F-G,us,Stanford,2016,2018,41,18.6,3.9,2.5,0.7,0.5,0.1,.328,.380,.286,.850,-0.2,-0.016
338,2016,NBA,2,34,PHO,Tyler Ulis\ulisty01,20.175,G,us,Kentucky,2017,2019,133,20.9,7.5,1.7,4.0,0.9,0.1,.403,.439,.280,.808,0.5,.008
339,2017,NBA,2,34,SAC,Frank Mason\masonfr01,23.086,G,us,Kansas,2018,2020,92,15.5,6.7,1.9,2.5,0.5,0.2,.391,.424,.303,.770,0.9,.029
340,2018,NBA,2,34,ATL,Devonte' Graham\grahade01,23.125,G,us,Kansas,2019,2020,73,21.8,10.4,2.2,4.5,0.6,0.1,.391,.405,.380,.795,2.7,.083
341,2009,NBA,2,35,DET,DaJuan Summers\summeda01,21.158,F,us,Georgetown,2010,2013,83,9.9,3.3,1.0,0.3,0.2,0.1,.384,.392,.367,.642,-0.1,-0.008
342,2010,NBA,2,35,WAS,Nemanja Bjelica\bjeline01,22.051,F,rs,,2016,2020,293,20.7,7.5,4.5,1.6,0.7,0.4,.463,.531,.388,.767,12.4,.098
343,2011,NBA,2,35,SAC,Tyler Honeycutt\honeyty01,20.348,F,us,UCLA,2012,2013,24,5.0,1.2,1.0,0.4,0.2,0.2,.314,.333,.200,.714,-0.1,-0.049
344,2012,NBA,2,35,GSW,Draymond Green\greendr01,22.122,F,us,Michigan State,2013,2020,550,28.1,9.1,6.9,4.9,1.4,1.1,.438,.508,.321,.707,43.8,.136
345,2013,NBA,2,35,PHI,Glen Rice\ricegl02,22.183,G,us,Georgia Tech,2014,2015,16,9.5,2.7,1.5,0.6,0.4,0.1,.269,.286,.250,.692,-0.2,-0.065
346,2014,NBA,2,35,UTA,Jarnell Stokes\stokeja01,20.175,F-C,us,Tennessee,2015,2017,28,5.4,2.4,1.4,0.3,0.3,0.2,.581,.581,,.531,0.6,.202
347,2015,NBA,2,35,PHI,Willy Hernangómez\hernawi01,21.034,C,es,,2017,2020,186,14.5,6.9,5.5,1.0,0.4,0.4,.527,.541,.361,.692,7.8,.139
348,2016,NBA,2,35,BOS,Rade Zagorac\zagorra01,20.321,G-F,rs,,,,,,,,,,,,,,,,
349,2017,NBA,2,35,ORL,Ivan Rabb\rabbiv01,20.143,F,us,California,2018,2019,85,14.6,5.7,4.3,1.0,0.3,0.3,.555,.570,.200,.743,3.2,.125
350,2018,NBA,2,35,ORL,Melvin Frazier\frazime01,21.300,G,us,Tulane,2019,2020,14,3.9,1.2,0.4,0.1,0.1,0.0,.296,.400,.000,.250,-0.2,-0.161
351,2009,NBA,2,36,MEM,Sam Young\youngsa01,24.030,F,us,Pitt,2010,2013,249,15.9,5.8,2.3,0.7,0.5,0.2,.442,.468,.280,.742,5.2,.063
352,2010,NBA,2,36,DET,Terrico White,,,,Ole Miss,,,,,,,,,,,,,,,
353,2011,NBA,2,36,NJN,Jordan Williams\willijo03,20.260,F,us,Maryland,2012,2012,43,14.8,4.6,3.6,0.3,0.5,0.3,.507,.507,,.652,1.3,.101
354,2012,NBA,2,36,SAC,Orlando Johnson\johnsor01,23.115,G,us,UC Santa Barbara,2013,2016,103,10.8,3.2,1.7,0.7,0.2,0.1,.358,.398,.311,.727,1.4,.059
355,2013,NBA,2,36,SAC,Ray McCallum\mccalra01,22.021,G,us,Detroit Mercy,2014,2016,154,18.2,6.0,2.0,2.4,0.5,0.2,.408,.430,.335,.711,2.1,.035
356,2014,NBA,2,36,MIL,Johnny O'Bryant\obryajo01,21.030,F-C,us,LSU,2015,2018,147,11.5,3.5,2.4,0.5,0.2,0.1,.402,.406,.360,.663,0.2,.006
357,2015,NBA,2,36,MIN,Rakeem Christmas\chrisra01,23.212,F,us,Syracuse,2016,2017,30,7.5,2.1,1.9,0.1,0.1,0.2,.467,.467,,.724,0.5,.105
358,2016,NBA,2,36,MIL,Malcolm Brogdon\brogdma01,23.200,G,us,Virginia,2017,2020,208,28.4,13.5,3.6,4.0,0.9,0.2,.483,.520,.401,.906,16.1,.130
359,2017,NBA,2,36,PHI,Jonah Bolden\boldejo01,21.177,F,au,,2019,2020,46,14.0,4.5,3.6,0.9,0.4,0.8,.497,.701,.354,.448,1.4,.104
360,2018,NBA,2,36,NYK,Mitchell Robinson\robinmi01,20.086,C,us,,2019,2020,87,20.9,7.9,6.5,0.6,0.8,2.3,.688,.688,,.606,8.1,.214
361,2009,NBA,2,37,SAS,DeJuan Blair\blairde01,20.069,F-C,us,Pitt,2010,2016,424,16.6,6.8,5.1,0.8,0.7,0.3,.524,.526,.000,.608,19.0,.129
362,2010,NBA,2,37,MIL,Darington Hobson\hobsoda01,22.274,G,us,New Mexico,2012,2012,5,7.8,0.8,0.6,1.2,0.0,0.0,.154,.286,.000,,-0.2,-0.225
363,2011,NBA,2,37,LAC,Trey Thompkins\thomptr02,21.039,F,us,Georgia,2012,2012,24,5.0,2.4,1.0,0.1,0.1,0.1,.393,.417,.308,.714,0.0,.004
364,2012,NBA,2,37,TOR,Quincy Acy\acyqu01,21.271,F-C,us,Baylor,2013,2019,337,16.0,4.9,3.5,0.6,0.4,0.4,.444,.506,.350,.759,8.7,.078
365,2013,NBA,2,37,DET,Tony Mitchell\mitchto02,21.086,F,us,University of North Texas,2014,2014,21,3.8,1.0,1.2,0.1,0.3,0.1,.417,.364,1.000,.579,0.2,.151
366,2014,NBA,2,37,TOR,DeAndre Daniels\daniede01,22.077,F,us,UConn,,,,,,,,,,,,,,,
367,2015,NBA,2,37,PHI,Richaun Holmes\holmeri01,21.258,F-C,us,Bowling Green,2016,2020,250,18.1,8.1,4.8,0.9,0.6,0.9,.579,.618,.257,.717,15.5,.165
368,2016,NBA,2,37,HOU,Chinanu Onuaku\onuakch01,19.239,F-C,us,Louisville,2017,2018,6,12.3,3.0,2.3,0.7,0.5,0.2,.583,.583,,1.000,0.1,.043
369,2017,NBA,2,37,BOS,Semi Ojeleye\ojelese01,22.205,F,us,SMU,2018,2020,153,13.8,2.9,1.9,0.4,0.3,0.1,.384,.487,.321,.622,2.5,.056
370,2018,NBA,2,37,SAC,Gary Trent\trentga02,19.159,G,us,Duke,2019,2020,28,7.8,2.9,1.0,0.4,0.1,0.1,.341,.341,.340,.429,-0.1,-0.028
371,2009,NBA,2,38,POR,Jon Brockman\brockjo01,22.103,F,us,Washington,2010,2012,150,10.5,2.1,3.1,0.3,0.2,0.1,.488,.490,.000,.618,3.7,.113
372,2010,NBA,2,38,NYK,Andy Rautins\rautian01,23.240,G,us,Syracuse,2011,2011,5,4.8,1.6,0.2,0.6,0.2,0.0,.429,.667,.250,.500,-0.2,-0.314
373,2011,NBA,2,38,HOU,Chandler Parsons\parsoch01,22.246,F,us,Florida,2012,2020,439,30.1,12.7,4.5,2.7,0.9,0.3,.462,.522,.373,.713,29.0,.105
374,2012,NBA,2,38,DEN,Quincy Miller\millequ01,19.227,F,us,Baylor,2013,2015,69,13.5,4.3,2.4,0.5,0.4,0.5,.350,.383,.292,.706,-0.1,-0.003
375,2013,NBA,2,38,WAS,Nate Wolters\woltena01,22.049,G,us,South Dakota State,2014,2018,84,18.8,5.5,2.2,2.5,0.5,0.2,.423,.452,.261,.635,0.9,.028
376,2014,NBA,2,38,DET,Spencer Dinwiddie\dinwisp01,21.086,G,us,Colorado,2015,2020,277,24.9,11.9,2.6,4.7,0.7,0.3,.411,.482,.321,.807,15.6,.109
377,2015,NBA,2,38,DET,Darrun Hilliard\hillida01,22.078,G,us,Villanova,2016,2018,91,9.4,3.2,0.9,0.8,0.2,0.0,.377,.420,.304,.747,0.3,.016
378,2016,NBA,2,38,MIL,Patrick McCaw\mccawpa01,20.247,G,us,UNLV,2017,2020,160,15.5,3.7,1.5,1.2,0.6,0.2,.420,.513,.299,.784,2.8,.055
379,2017,NBA,2,38,CHI,Jordan Bell\belljo01,22.172,F,us,Oregon,2018,2020,139,12.5,3.9,3.2,1.3,0.4,0.8,.570,.586,.000,.642,4.7,.129
380,2018,NBA,2,38,PHI,Khyri Thomas\thomakh01,22.049,G,us,Creighton,2019,2020,28,7.2,2.2,0.7,0.3,0.3,0.2,.319,.353,.286,.615,0.0,.006
381,2009,NBA,2,39,DET,Jonas Jerebko\jerebjo01,22.121,F,se,,2010,2019,635,17.8,6.2,4.0,0.8,0.5,0.2,.457,.507,.363,.770,25.8,.109
382,2010,NBA,2,39,NYK,Landry Fields\fieldla01,22.002,F,us,Stanford,2011,2015,255,23.6,6.8,4.3,1.6,0.8,0.2,.473,.520,.332,.666,10.5,.084
383,2011,NBA,2,39,CHA,Jeremy Tyler\tylerje01,20.007,C,us,,2012,2014,104,9.9,3.6,2.6,0.2,0.2,0.4,.450,.451,.000,.557,0.3,.014
384,2012,NBA,2,39,DET,Khris Middleton\middlkh01,20.326,F-G,us,Texas A&M,2013,2020,473,31.6,15.8,4.5,3.2,1.3,0.2,.453,.487,.388,.870,33.0,.106
385,2013,NBA,2,39,POR,Jeff Withey\witheje01,23.118,C,us,Kansas,2014,2018,206,10.1,3.2,2.5,0.3,0.3,0.8,.525,.537,.143,.716,6.8,.157
386,2014,NBA,2,39,PHI,Jerami Grant\grantje01,20.111,F,us,Syracuse,2015,2020,406,24.0,8.8,3.9,1.0,0.6,1.1,.461,.520,.339,.651,19.4,.095
387,2015,NBA,2,39,CHO,Juan Pablo Vaulet\vauleju01,19.099,F,ar,,,,,,,,,,,,,,,,
388,2016,NBA,2,39,NOP,David Michineau\michida01,22.023,G,gp,,,,,,,,,,,,,,,,
389,2017,NBA,2,39,PHI,Jawun Evans\evansja01,20.336,G,us,Oklahoma State,2018,2019,56,15.1,4.2,1.7,2.0,0.7,0.1,.345,.367,.263,.776,-0.4,-0.022
390,2018,NBA,2,39,PHI,Isaac Bonga\bongais01,18.230,G,de,,2019,2020,40,10.0,2.1,1.7,1.0,0.5,0.2,.353,.419,.174,.679,0.1,.017
391,2009,NBA,2,40,CHA,Derrick Brown\brownde04,21.296,F,us,Xavier,2010,2012,171,14.9,5.2,2.4,0.7,0.5,0.2,.515,.528,.317,.637,4.5,.085
392,2010,NBA,2,40,IND,Lance Stephenson\stephla01,19.297,G-F,us,Cincinnati,2011,2019,508,23.4,8.6,4.2,2.9,0.7,0.1,.444,.494,.315,.685,16.7,.068
393,2011,NBA,2,40,MIL,Jon Leuer\leuerjo01,22.045,F,us,Wisconsin,2012,2019,377,15.8,6.4,3.8,0.8,0.4,0.3,.484,.520,.328,.767,13.2,.107
394,2012,NBA,2,40,POR,Will Barton\bartowi01,21.179,G,us,Memphis,2013,2020,459,23.7,10.7,4.1,2.4,0.7,0.4,.432,.478,.345,.785,18.7,.083
395,2013,NBA,2,40,POR,Grant Jerrett\jerregr01,19.359,F,us,Arizona,2015,2015,8,6.4,2.0,1.1,0.4,0.3,0.3,.269,.545,.067,1.000,-0.1,-0.128
396,2014,NBA,2,40,MIN,Glenn Robinson\robingl02,20.174,G-F,us,Michigan,2015,2020,245,16.3,5.1,2.4,0.7,0.5,0.2,.443,.482,.365,.743,5.7,.068
397,2015,NBA,2,40,MIA,Josh Richardson\richajo01,21.288,G,us,Tennessee,2016,2020,277,30.7,12.3,3.2,2.9,1.1,0.7,.427,.468,.370,.819,17.0,.096
398,2016,NBA,2,40,NOP,Diamond Stone\stonedi01,19.138,C,us,Maryland,2017,2017,7,3.4,1.4,0.9,0.0,0.0,0.1,.231,.231,,1.000,-0.1,-0.211
399,2017,NBA,2,40,NOP,Dwayne Bacon\bacondw01,21.302,G,us,Florida State,2018,2020,116,16.0,5.4,2.3,0.9,0.4,0.1,.402,.426,.341,.745,0.3,.008
400,2018,NBA,2,40,BRK,Rodions Kurucs\kurucro01,20.141,F,lv,,2019,2020,73,19.1,7.6,3.7,0.7,0.6,0.3,.447,.534,.319,.755,1.4,.048
401,2009,NBA,2,41,MIL,Jodie Meeks\meeksjo01,21.314,G,us,Kentucky,2010,2019,539,22.5,9.3,2.1,1.1,0.8,0.1,.420,.471,.373,.879,24.3,.096
402,2010,NBA,2,41,MIA,Jarvis Varnado\varnaja01,22.120,F,us,Mississippi State,2013,2014,37,10.7,2.9,1.9,0.4,0.3,0.8,.582,.582,,.518,0.7,.089
403,2011,NBA,2,41,LAL,Darius Morris\morrida01,20.176,G,us,Michigan,2012,2015,132,11.1,3.3,1.0,1.4,0.3,0.0,.384,.416,.322,.630,-0.3,-0.010
404,2012,NBA,2,41,POR,Tyshawn Taylor\tayloty01,22.083,G,us,Kansas,2013,2014,61,8.0,2.9,0.5,0.9,0.4,0.0,.354,.353,.360,.684,-0.9,-0.088
405,2013,NBA,2,41,MEM,Jamaal Franklin\frankja01,21.347,G,us,San Diego State,2014,2015,24,7.3,1.8,1.0,0.4,0.2,0.1,.415,.393,.462,1.000,0.0,-0.006
406,2014,NBA,2,41,DEN,Nikola Jokić\jokicni01,19.132,C-F,rs,,2016,2020,331,28.5,16.3,9.6,5.2,1.1,0.7,.519,.570,.334,.826,41.5,.211
407,2015,NBA,2,41,BRK,Pat Connaughton\connapa01,22.175,G,us,Notre Dame,2016,2020,239,15.1,4.7,2.5,1.2,0.3,0.3,.444,.558,.347,.791,8.2,.109
408,2016,NBA,2,41,ORL,Stephen Zimmerman\zimmest01,19.292,C,us,UNLV,2017,2017,19,5.7,1.2,1.8,0.2,0.1,0.3,.323,.323,,.600,0.0,-0.005
409,2017,NBA,2,41,ATL,Tyler Dorsey\dorsety01,21.130,G,us,Oregon,2018,2019,104,16.1,6.7,2.3,1.3,0.3,0.1,.389,.429,.350,.669,1.0,.030
410,2018,NBA,2,41,ORL,Jarred Vanderbilt\vandeja01,19.084,F,us,Kentucky,2019,2020,20,3.9,1.2,1.3,0.2,0.3,0.1,.474,.500,.000,.600,0.0,.028
411,2009,NBA,2,42,LAL,Patrick Beverley\beverpa01,20.353,G,us,Arkansas,2013,2020,404,28.4,9.0,4.4,3.4,1.2,0.4,.412,.455,.377,.763,26.4,.110
412,2010,NBA,2,42,MIA,Da'Sean Butler,,,,West Virginia,,,,,,,,,,,,,,,
413,2011,NBA,2,42,IND,Dāvis Bertāns\bertada01,18.227,F,lv,,2017,2020,243,17.2,7.1,2.6,1.1,0.4,0.4,.450,.545,.416,.851,11.2,.128
414,2012,NBA,2,42,MIL,Doron Lamb\lambdo01,20.240,G,us,Kentucky,2013,2014,100,12.7,3.5,1.0,0.8,0.2,0.0,.381,.372,.394,.700,0.1,.005
415,2013,NBA,2,42,PHI,Pierre Jackson\jackspi01,21.308,G,us,Baylor,2017,2017,8,10.5,4.4,1.1,2.4,0.3,0.0,.333,.357,.273,.857,0.0,.021
416,2014,NBA,2,42,HOU,Nick Johnson\johnsni01,21.191,G,us,Arizona,2015,2015,28,9.4,2.6,1.4,0.4,0.3,0.1,.347,.389,.238,.680,-0.1,-0.020
417,2015,NBA,2,42,UTA,Olivier Hanlan\hanlaol01,22.135,G,ca,Boston College,,,,,,,,,,,,,,,
418,2016,NBA,2,42,UTA,Isaiah Whitehead\whiteis01,21.113,G,us,Seton Hall,2017,2018,89,20.5,7.2,2.4,2.4,0.6,0.4,.411,.452,.305,.788,-0.9,-0.025
419,2017,NBA,2,42,UTA,Thomas Bryant\bryanth01,19.331,C,us,Indiana,2018,2020,105,19.8,9.8,5.9,1.4,0.3,0.8,.591,.664,.306,.759,7.0,.161
420,2018,NBA,2,42,DET,Bruce Brown\brownbr01,21.315,G,us,Miami (FL),2019,2020,99,21.3,5.1,2.9,1.8,0.6,0.5,.407,.455,.278,.680,2.0,.046
421,2009,NBA,2,43,MIA,Marcus Thornton\thornma01,22.026,G,us,LSU,2010,2017,483,23.4,11.9,2.8,1.4,0.8,0.1,.425,.471,.358,.830,20.0,.085
422,2010,NBA,2,43,LAL,Devin Ebanks\ebankde01,20.244,F,us,West Virginia,2011,2013,63,11.3,3.6,1.9,0.4,0.3,0.2,.385,.418,.222,.722,0.5,.035
423,2011,NBA,2,43,CHI,Malcolm Lee\leema01,21.037,G,us,UCLA,2012,2015,36,14.8,3.9,1.8,1.4,0.6,0.3,.382,.412,.294,.703,0.4,.040
424,2012,NBA,2,43,ATL,Mike Scott\scottmi01,23.353,F,us,Virginia,2013,2020,462,16.5,7.1,3.1,0.9,0.3,0.1,.463,.527,.364,.757,14.5,.091
425,2013,NBA,2,43,MIL,Ricky Ledo\ledori01,20.295,G,us,Providence,2014,2015,28,9.9,3.9,1.4,0.8,0.3,0.0,.336,.321,.371,.769,-0.6,-0.096
426,2014,NBA,2,43,ATL,Edy Tavares\tavarwa01,22.101,C,cv,,2016,2017,13,7.8,2.5,2.5,0.3,0.1,0.9,.625,.625,,.273,0.2,.118
427,2015,NBA,2,43,IND,Joe Young\youngjo01,23.003,G,us,Oregon,2016,2018,127,8.5,3.4,1.0,0.9,0.3,0.0,.393,.438,.296,.768,0.4,.016
428,2016,NBA,2,43,HOU,Zhou Qi\qizh01,20.164,F-C,cn,,2018,2019,19,6.6,1.3,1.2,0.1,0.1,0.7,.212,.357,.105,.667,-0.2,-0.093
429,2017,NBA,2,43,HOU,Isaiah Hartenstein\harteis01,19.053,F,us,,2019,2020,36,8.8,2.3,2.0,0.5,0.3,0.4,.554,.592,.286,.800,0.8,.120
430,2018,NBA,2,43,DEN,Justin Jackson\jacksju02,21.128,F,ca,Maryland,,,,,,,,,,,,,,,
431,2009,NBA,2,44,DET,Chase Budinger\budinch01,21.039,F,us,Arizona,2010,2016,407,19.7,7.9,3.0,1.2,0.5,0.2,.430,.486,.352,.797,13.9,.083
432,2010,NBA,2,44,MIL,Jerome Jordan\jordaje01,23.274,C,jm,Tulsa,2012,2015,65,7.6,2.8,2.0,0.3,0.1,0.3,.528,.528,,.852,1.7,.168
433,2011,NBA,2,44,GSW,Charles Jenkins\jenkich01,22.120,G,us,Hofstra,2012,2013,110,12.1,3.7,0.9,1.9,0.4,0.1,.434,.449,.182,.754,0.5,.017
434,2012,NBA,2,44,DET,Kim English\engliki01,23.283,G,us,Missouri,2013,2013,41,9.9,2.9,0.9,0.6,0.4,0.1,.375,.452,.280,.724,0.2,.021
435,2013,NBA,2,44,DAL,Mike Muscala\muscami01,22.002,F-C,us,Bucknell,2014,2020,322,15.7,5.6,3.2,0.9,0.4,0.5,.461,.543,.359,.842,12.1,.115
436,2014,NBA,2,44,MIN,Markel Brown\brownma02,22.154,G,us,Oklahoma State,2015,2018,113,15.9,5.2,2.1,1.2,0.6,0.2,.380,.427,.295,.781,1.1,.029
437,2015,NBA,2,44,PHO,Andrew Harrison\harrian01,20.245,G,us,Kentucky,2017,2019,145,20.6,7.0,2.0,2.8,0.7,0.3,.373,.422,.294,.779,3.2,.051
438,2016,NBA,2,44,ATL,Isaïa Cordinier\cordiis01,19.212,G,fr,,,,,,,,,,,,,,,,
439,2017,NBA,2,44,NYK,Damyean Dotson\dotsoda01,23.053,G,us,Oregon,2018,2020,138,20.4,7.9,2.8,1.4,0.6,0.1,.419,.483,.352,.733,2.3,.039
440,2018,NBA,2,44,WAS,Issuf Sanon\sanonis01,18.239,G,ua,,,,,,,,,,,,,,,,
441,2009,NBA,2,45,MIN,Nick Calathes\calatni01,20.143,G,us,Florida,2014,2015,129,15.6,4.6,1.9,2.7,1.0,0.1,.441,.476,.288,.581,2.6,.063
442,2010,NBA,2,45,MIN,Paulo Prestes\prestpa01,22.135,C,br,,,,,,,,,,,,,,,,
443,2011,NBA,2,45,NOH,Josh Harrellson\harrejo01,22.136,C,us,Kentucky,2012,2014,75,11.8,3.5,3.0,0.3,0.4,0.5,.438,.497,.347,.629,2.1,.116
444,2012,NBA,2,45,PHI,Justin Hamilton\hamilju01,22.094,C,us,LSU,2014,2017,113,17.4,6.1,3.6,0.8,0.5,0.6,.464,.560,.309,.798,3.7,.091
445,2013,NBA,2,45,POR,Marko Todorović\todorma01,21.074,F,me,,,,,,,,,,,,,,,,
446,2014,NBA,2,45,CHH,Dwight Powell\poweldw01,22.347,F-C,ca,Stanford,2015,2020,352,18.3,7.6,4.5,0.9,0.7,0.5,.561,.619,.304,.740,24.2,.180
447,2015,NBA,2,45,BOS,Marcus Thornton\thornma02,22.141,G,us,College of William & Mary,,,,,,,,,,,,,,,
448,2016,NBA,2,45,BOS,Demetrius Jackson\jacksde01,21.295,G,us,Notre Dame,2017,2019,26,5.2,1.8,0.7,0.7,0.3,0.0,.486,.609,.286,.667,0.2,.087
449,2017,NBA,2,45,HOU,Dillon Brooks\brookdi01,21.157,F-G,ca,Oregon,2018,2020,124,26.9,11.0,3.0,1.6,0.9,0.2,.427,.465,.358,.763,1.7,.024
450,2018,NBA,2,45,BRK,Hamidou Diallo\diallha01,19.330,G,us,Kentucky,2019,2020,63,12.4,4.7,2.3,0.4,0.6,0.2,.471,.523,.162,.610,1.1,.070
451,2009,NBA,2,46,CLE,Danny Green\greenda02,22.009,G-F,us,UNC,2010,2020,645,25.4,9.0,3.5,1.6,1.0,0.8,.425,.460,.403,.815,40.8,.119
452,2010,NBA,2,46,PHO,Gani Lawal\lawalga01,21.234,F,us,Georgia Tech,2011,2011,1,2.0,0.0,0.0,0.0,0.0,0.0,,,,,0.0,-0.009
453,2011,NBA,2,46,LAL,Andrew Goudelock\goudean01,22.203,G,us,College of Charleston,2012,2016,49,9.7,4.0,0.7,0.5,0.2,0.0,.393,.429,.345,.875,0.0,.003
454,2012,NBA,2,46,NOH,Darius Miller\milleda01,22.105,F,us,Kentucky,2013,2019,253,20.4,6.0,1.7,1.4,0.4,0.2,.418,.495,.382,.830,5.9,.055
455,2013,NBA,2,46,UTA,Erick Green\greener01,22.055,G,us,Virginia Tech,2015,2016,52,8.7,3.1,0.7,0.8,0.3,0.0,.377,.415,.288,.857,0.1,.011
456,2014,NBA,2,46,WAS,Jordan Clarkson\clarkjo01,22.024,G,us,Missouri,2015,2020,407,27.3,14.7,3.2,2.7,0.9,0.1,.444,.496,.336,.821,11.7,.050
457,2015,NBA,2,46,MIL,Norman Powell\powelno01,22.036,G,us,UCLA,2016,2020,279,17.8,7.7,2.3,1.2,0.7,0.2,.446,.518,.347,.810,8.9,.087
458,2016,NBA,2,46,DAL,A.J. Hammons\hammoaj01,23.306,C,us,Purdue,2017,2017,22,7.4,2.2,1.6,0.2,0.0,0.6,.405,.375,.500,.450,0.0,-0.001
459,2017,NBA,2,46,PHI,Sterling Brown\brownst02,22.138,G,us,SMU,2018,2020,129,16.2,5.3,3.2,1.0,0.5,0.2,.436,.500,.363,.747,3.6,.082
460,2018,NBA,2,46,HOU,De'Anthony Melton\meltode01,20.029,G,us,USC,2019,2020,63,18.6,5.2,2.8,3.1,1.3,0.4,.398,.447,.310,.804,0.4,.016
461,2009,NBA,2,47,MIN,Henk Norel\norelhe01,21.287,F-C,nl,,,,,,,,,,,,,,,,
462,2010,NBA,2,47,MIL,Tiny Gallon,,,,Oklahoma,,,,,,,,,,,,,,,
463,2011,NBA,2,47,LAC,Travis Leslie\leslitr01,21.091,G,us,Georgia,2012,2012,10,4.5,1.4,0.9,0.5,0.2,0.2,.357,.357,,.444,0.1,.060
464,2012,NBA,2,47,UTA,Kevin Murphy\murphke01,22.120,G,us,Tennessee Technological University,2013,2013,17,3.1,0.9,0.2,0.1,0.1,0.0,.250,.261,.200,,-0.3,-0.272
465,2013,NBA,2,47,ATL,Raul Neto\netora01,21.044,G,br,,2016,2020,222,14.0,4.7,1.3,1.9,0.5,0.1,.448,.484,.386,.775,5.1,.078
466,2014,NBA,2,47,PHI,Russ Smith\smithru01,23.074,G,us,Louisville,2015,2016,27,4.9,2.0,0.6,0.7,0.3,0.0,.319,.387,.188,.769,-0.2,-0.068
467,2015,NBA,2,47,PHI,Artūras Gudaitis\gudaiar01,22.011,C,lt,,,,,,,,,,,,,,,,
468,2016,NBA,2,47,ORL,Jake Layman\laymaja01,22.114,F,us,Maryland,2017,2020,155,13.6,5.2,1.9,0.6,0.4,0.3,.458,.575,.310,.703,2.9,.065
469,2017,NBA,2,47,IND,Ike Anigbogu\anigbik01,18.253,F-C,us,UCLA,2018,2019,14,2.6,0.9,0.9,0.1,0.1,0.3,.333,.333,,.833,0.0,.057
470,2018,NBA,2,47,LAL,Sviatoslav Mykhailiuk\mykhasv01,21.016,G-F,ua,Kansas,2019,2020,62,12.5,3.9,1.0,1.0,0.4,0.0,.367,.338,.382,.654,0.3,.017
471,2009,NBA,2,48,PHO,Taylor Griffin\griffta01,23.074,F,us,Oklahoma,2010,2010,8,4.0,1.3,0.3,0.1,0.0,0.3,.400,.500,.000,.500,0.0,-0.039
472,2010,NBA,2,48,MIA,Latavious Williams\willila01,21.092,F,us,,,,,,,,,,,,,,,,
473,2011,NBA,2,48,ATL,Keith Benson\bensoke02,22.319,C,us,Oakland,2012,2012,3,3.0,0.0,1.0,0.0,0.0,0.0,.000,.000,,,0.0,-0.005
474,2012,NBA,2,48,NYK,Kostas Papanikolaou\papanko01,21.338,F,gr,,2015,2016,69,15.8,3.6,2.3,1.5,0.6,0.3,.354,.416,.297,.688,0.3,.015
475,2013,NBA,2,48,LAL,Ryan Kelly\kellyry01,22.085,F,us,Duke,2014,2017,163,19.2,6.0,3.1,1.3,0.5,0.5,.378,.416,.316,.797,3.0,.046
476,2014,NBA,2,48,MIL,Lamar Patterson\pattela01,22.324,G-F,us,Pitt,2016,2017,40,10.9,2.3,1.4,1.1,0.3,0.1,.326,.450,.236,.720,0.1,.006
477,2015,NBA,2,48,OKC,Dakari Johnson\johnsda04,19.281,C,us,Kentucky,2018,2018,31,5.2,1.8,1.1,0.3,0.2,0.3,.564,.564,,.550,0.6,.178
478,2016,NBA,2,48,CHI,Paul Zipser\zipsepa01,22.131,G-F,de,,2017,2018,98,17.0,4.7,2.6,0.8,0.4,0.3,.371,.402,.335,.769,0.0,-0.001
479,2017,NBA,2,48,MIL,Sindarius Thornwell\thornsi01,22.225,G,us,South Carolina,2018,2019,137,10.7,2.5,1.3,0.6,0.5,0.2,.415,.442,.342,.689,1.0,.034
480,2018,NBA,2,48,MIN,Keita Bates-Diop\bateske01,22.155,F,us,Ohio State,2019,2020,42,17.5,5.8,2.8,0.6,0.5,0.5,.455,.533,.345,.632,0.8,.056
481,2009,NBA,2,49,ATL,Sergiy Gladyr\gladyse01,19.256,G,ua,,,,,,,,,,,,,,,,
482,2010,NBA,2,49,SAS,Ryan Richards\richary01,19.066,F-C,gb,,,,,,,,,,,,,,,,
483,2011,NBA,2,49,MEM,Josh Selby\selbyjo01,20.093,G,us,Kansas,2012,2013,38,7.8,2.2,0.5,0.9,0.2,0.0,.330,.384,.143,.720,-0.7,-0.113
484,2012,NBA,2,49,ORL,Kyle O'Quinn\oquinky01,22.100,F-C,us,Norfolk State,2013,2020,458,14.3,5.5,4.6,1.3,0.4,1.0,.518,.537,.229,.743,17.2,.126
485,2013,NBA,2,49,CHI,Erik Murphy\murpher01,22.250,F,fr,Florida,2014,2014,24,2.6,0.3,0.3,0.1,0.0,0.2,.231,.300,.000,,-0.1,-0.055
486,2014,NBA,2,49,CHI,Cameron Bairstow\bairsca01,23.207,F-C,au,New Mexico,2015,2016,36,4.6,1.2,1.0,0.2,0.1,0.1,.296,.306,.200,.846,-0.1,-0.021
487,2015,NBA,2,49,WAS,Aaron White\whiteaa01,22.293,F,us,Iowa,,,,,,,,,,,,,,,
488,2016,NBA,2,49,DET,Michael Gbinije\gbinimi01,24.024,G,us,Syracuse,2017,2017,9,3.6,0.4,0.3,0.2,0.0,0.0,.100,.167,.000,1.000,-0.1,-0.136
489,2017,NBA,2,49,DEN,Vlatko Čančar\cancavl01,20.078,F,si,,2020,2020,1,2.0,0.0,0.0,0.0,0.0,0.0,,,,,0.0,.031
490,2018,NBA,2,49,SAS,Chimezie Metu\metuch01,21.096,F,us,USC,2019,2020,35,4.7,1.9,1.3,0.4,0.2,0.1,.371,.382,.000,.714,-0.1,-0.041
491,2009,NBA,2,50,UTA,Goran Suton,,,,Michigan State,,,,,,,,,,,,,,,
492,2010,NBA,2,50,DAL,Solomon Alabi\alabiso01,22.100,C,ng,Florida State,2011,2012,26,7.0,1.5,2.3,0.2,0.2,0.4,.314,.314,,.700,0.0,.010
493,2011,NBA,2,50,PHI,Lavoy Allen\allenla01,22.144,F-C,us,Temple,2012,2017,388,17.8,4.8,4.8,1.0,0.3,0.6,.471,.474,.133,.682,13.8,.096
494,2012,NBA,2,50,DEN,İzzet Türkyılmaz\turkyiz01,22.045,C-F,tr,,,,,,,,,,,,,,,,
495,2013,NBA,2,50,ATL,James Ennis\ennisja01,23.002,F,us,Cal State Long Beach,2015,2020,304,20.3,6.5,3.2,0.9,0.6,0.3,.460,.538,.361,.792,13.3,.103
496,2014,NBA,2,50,PHO,Alec Brown\brownal01,21.343,F-C,us,Green Bay,,,,,,,,,,,,,,,
497,2015,NBA,2,50,ATL,Marcus Eriksson\eriksma01,21.207,G,se,,,,,,,,,,,,,,,,
498,2016,NBA,2,50,IND,Georges Niang\niangge01,23.012,F,us,Iowa State,2017,2020,110,7.8,3.2,1.3,0.5,0.1,0.1,.445,.527,.379,.789,1.4,.078
499,2017,NBA,2,50,PHI,Mathias Lessort\lessoma01,21.272,F,mq,,,,,,,,,,,,,,,,
500,2018,NBA,2,50,IND,Alize Johnson\johnsal02,22.065,F,us,Missouri State,2019,2020,22,4.6,1.2,1.4,0.1,0.0,0.1,.333,.320,.500,.583,0.1,.071
501,2009,NBA,2,51,SAS,Jack McClinton,,,,Miami (FL),,,,,,,,,,,,,,,
502,2010,NBA,2,51,OKC,Magnum Rolle,,,,Louisiana Tech,,,,,,,,,,,,,,,
503,2011,NBA,2,51,POR,Jon Diebler\diebljo01,23.006,G,us,Ohio State,,,,,,,,,,,,,,,
504,2012,NBA,2,51,BOS,Kris Joseph\josepkr01,23.199,F,ca,Syracuse,2013,2013,10,5.4,0.9,0.7,0.1,0.3,0.0,.143,.182,.000,.625,-0.1,-0.127
505,2013,NBA,2,51,ORL,Romero Osby,,,,Oklahoma,,,,,,,,,,,,,,,
506,2014,NBA,2,51,NYK,Thanasis Antetokounmpo\antetth01,21.348,F,gr,,2016,2020,6,5.2,3.3,0.7,0.7,0.0,0.0,.643,.692,.000,.500,0.1,.196
507,2015,NBA,2,51,ORL,Tyler Harvey\harvety01,21.348,G,us,Eastern Washington,,,,,,,,,,,,,,,
508,2016,NBA,2,51,BOS,Ben Bentil\bentibe01,21.092,F,gh,Providence,2017,2017,3,3.3,0.0,0.7,0.0,0.0,0.0,.000,.000,.000,,-0.1,-0.473
509,2017,NBA,2,51,DEN,Monte Morris\morrimo01,22.001,G,us,Iowa State,2018,2020,108,22.3,9.5,2.2,3.6,0.8,0.1,.483,.514,.410,.791,7.5,.150
510,2018,NBA,2,51,NOP,Tony Carr\carrto01,20.258,G,us,Penn State,,,,,,,,,,,,,,,
511,2009,NBA,2,52,IND,A.J. Price\priceaj01,22.267,G,us,UConn,2010,2015,261,15.1,5.8,1.4,2.2,0.5,0.0,.380,.439,.316,.742,4.7,.058
512,2010,NBA,2,52,BOS,Luke Harangody\haranlu01,22.179,F,us,Notre Dame,2011,2012,70,12.4,3.6,2.8,0.5,0.3,0.3,.376,.440,.241,.737,0.9,.048
513,2011,NBA,2,52,DET,Vernon Macklin\macklve01,24.282,F,us,Florida,2012,2012,23,5.9,2.0,1.5,0.2,0.2,0.2,.543,.543,,.571,0.5,.161
514,2012,NBA,2,52,GSW,Ognjen Kuzmić\kuzmiog01,22.049,C,ba,,2014,2015,37,4.4,0.9,1.0,0.2,0.1,0.1,.520,.520,,.600,0.2,.061
515,2013,NBA,2,52,MIN,Lorenzo Brown\brownlo01,22.311,G,us,NC State,2014,2019,103,11.5,2.8,1.5,1.8,0.6,0.1,.364,.453,.170,.707,-0.2,-0.007
516,2014,NBA,2,52,PHI,Vasilije Micić\micicva01,20.169,G,rs,,,,,,,,,,,,,,,,
517,2015,NBA,2,52,DAL,Satnam Singh Bhamara\singhsa01,19.202,C,in,,,,,,,,,,,,,,,,
518,2016,NBA,2,52,UTA,Joel Bolomboy\bolomjo01,22.152,F,ua,Weber State,2017,2018,18,5.1,1.7,1.5,0.1,0.2,0.1,.545,.647,.200,.500,0.3,.132
519,2017,NBA,2,52,NOP,Edmond Sumner\sumneed01,21.179,G,us,Xavier,2018,2020,28,10.1,3.2,1.0,0.6,0.6,0.2,.381,.463,.233,.621,0.3,.048
520,2018,NBA,2,52,UTA,Vince Edwards\edwarvi01,22.082,F,us,Purdue,2019,2019,2,8.0,1.5,1.0,0.0,0.0,0.0,.250,,.250,,0.0,-0.014
521,2009,NBA,2,53,SAS,Nando De Colo\decolna01,22.008,G,fr,,2013,2014,119,11.9,3.8,1.8,1.7,0.5,0.1,.429,.463,.363,.835,2.4,.081
522,2010,NBA,2,53,ATL,Pape Sy\sypa01,22.085,F,fr,,2011,2011,3,7.0,2.3,1.0,0.7,0.3,0.0,.333,.400,.000,1.000,0.0,-0.047
523,2011,NBA,2,53,ORL,DeAndre Liggins\liggide01,23.089,G,us,Kentucky,2012,2018,177,10.8,2.0,1.4,0.7,0.6,0.2,.402,.432,.352,.549,1.6,.040
524,2012,NBA,2,53,LAC,Furkan Aldemir\aldemfu01,20.329,F-C,tr,,2015,2015,41,13.2,2.3,4.3,0.7,0.4,0.4,.513,.548,.000,.481,1.4,.122
525,2013,NBA,2,53,IND,Colton Iverson\iversco01,24.004,C,us,Colorado State,,,,,,,,,,,,,,,
526,2014,NBA,2,53,MIN,Alessandro Gentile\gential01,21.231,F,it,,,,,,,,,,,,,,,,
527,2015,NBA,2,53,CLE,Sir'Dominic Pointer\pointsi01,23.055,G-F,us,St. John's,,,,,,,,,,,,,,,
528,2016,NBA,2,53,DEN,Petr Cornelie\cornepe01,20.338,F,fr,,,,,,,,,,,,,,,,
529,2017,NBA,2,53,BOS,Kadeem Allen\allenka01,24.164,G,us,Arizona,2018,2020,38,14.2,5.7,1.6,2.4,0.5,0.2,.438,.458,.392,.778,0.9,.083
530,2018,NBA,2,53,OKC,Devon Hall\hallde01,22.355,G,us,Virginia,2020,2020,5,4.0,1.0,0.2,0.6,0.0,0.0,.200,.333,.000,.750,0.0,-0.060
531,2009,NBA,2,54,CHA,Robert Vaden,,,,University of Alabama at Birmingham,,,,,,,,,,,,,,,
532,2010,NBA,2,54,LAC,Willie Warren\warrewi01,20.250,G,us,Oklahoma,2011,2011,19,7.1,1.9,0.6,1.4,0.3,0.0,.371,.400,.333,.750,0.2,.065
533,2011,NBA,2,54,CLE,Milan Mačvan\macvami01,21.224,F-C,hr,,,,,,,,,,,,,,,,
534,2012,NBA,2,54,PHI,Tornike Shengelia\shengto01,20.272,F,ge,,2013,2014,45,5.5,1.3,0.9,0.4,0.1,0.0,.451,.512,.125,.500,-0.2,-0.032
535,2013,NBA,2,54,WAS,Arsalan Kazemi\kazemar01,23.072,F,ir,Oregon,,,,,,,,,,,,,,,
536,2014,NBA,2,54,PHI,Nemanja Dangubić\dangune01,21.079,G,rs,,,,,,,,,,,,,,,,
537,2015,NBA,2,54,UTA,Dani Díez de la Faya\diezda01,22.084,F,es,,,,,,,,,,,,,,,,
538,2016,NBA,2,54,ATL,Kay Felder\feldeka01,21.092,G,us,Oakland,2017,2018,58,9.1,3.8,1.0,1.3,0.4,0.1,.364,.385,.268,.754,-0.4,-0.041
539,2017,NBA,2,54,PHO,Alec Peters\peteral01,22.076,F,us,Valparaiso,2018,2018,20,11.3,4.1,1.9,0.6,0.1,0.1,.378,.625,.310,.800,0.3,.055
540,2018,NBA,2,54,DAL,Shake Milton\miltosh01,21.273,G,us,SMU,2019,2020,29,12.1,4.2,1.5,0.9,0.3,0.3,.377,.475,.286,.750,0.1,.016
541,2009,NBA,2,55,POR,Patty Mills\millspa02,20.323,G,au,Saint Mary's,2010,2020,629,19.2,8.5,1.7,2.4,0.6,0.1,.432,.479,.392,.845,28.6,.114
542,2010,NBA,2,55,UTA,Jeremy Evans\evansje01,22.249,F,us,Western Kentucky,2011,2018,250,10.5,3.5,2.6,0.4,0.4,0.5,.569,.583,.231,.687,8.2,.150
543,2011,NBA,2,55,BOS,E'Twaun Moore\mooreet01,22.123,G-F,us,Purdue,2012,2020,531,21.6,8.1,2.0,1.8,0.7,0.2,.457,.490,.391,.738,13.7,.057
544,2012,NBA,2,55,DAL,Darius Johnson-Odom\johnsda03,22.279,G,us,Marquette,2013,2014,7,3.0,0.0,0.9,0.3,0.1,0.0,.000,.000,.000,.000,-0.3,-0.597
545,2013,NBA,2,55,MEM,Joffrey Lauvergne\lauvejo01,21.276,C-F,fr,,2015,2018,208,13.6,5.6,3.8,0.9,0.3,0.2,.479,.520,.285,.719,5.2,.089
546,2014,NBA,2,55,MIA,Semaj Christon\chrisse01,21.242,G,us,Xavier,2017,2017,64,15.2,2.9,1.4,2.0,0.4,0.1,.345,.406,.190,.548,0.1,.006
547,2015,NBA,2,55,SAS,Cady Lalanne\lalanca01,23.069,C,ht,UMass,,,,,,,,,,,,,,,
548,2016,NBA,2,55,BRK,Marcus Paige\paigema01,22.291,G,us,UNC,2018,2018,5,5.6,2.4,0.8,0.6,0.0,0.0,.286,.333,.250,1.000,0.0,-0.006
549,2017,NBA,2,55,UTA,Nigel Williams-Goss\willini01,22.285,G,us,Gonzaga,2020,2020,7,3.1,0.3,0.3,0.3,0.0,0.1,.000,.000,.000,1.000,-0.1,-0.128
550,2018,NBA,2,55,CHO,Arnoldas Kulboka\kulboar01,20.173,F,lt,,,,,,,,,,,,,,,,
551,2009,NBA,2,56,DAL,Ahmad Nivins,,,,Saint Joseph's,,,,,,,,,,,,,,,
552,2010,NBA,2,56,MIN,Hamady N'Diaye\ndiayha01,23.169,C,sn,Rutgers University,2011,2014,33,4.8,0.6,0.8,0.1,0.1,0.3,.467,.467,,.462,0.0,.013
553,2011,NBA,2,56,LAL,Chukwudiebere Maduabum\maduach01,20.101,F,ng,,,,,,,,,,,,,,,,
554,2012,NBA,2,56,TOR,Tomislav Zubčić\zubcito01,22.178,F,hr,,,,,,,,,,,,,,,,
555,2013,NBA,2,56,DET,Peyton Siva\sivape01,22.252,G,us,Louisville,2014,2014,24,9.3,2.3,0.6,1.4,0.4,0.0,.316,.344,.280,.733,-0.2,-0.032
556,2014,NBA,2,56,DEN,Devyn Marble\marblde01,21.283,G-F,us,Iowa,2015,2016,44,10.4,2.2,1.6,0.7,0.5,0.1,.304,.377,.222,.375,-0.3,-0.028
557,2015,NBA,2,56,NOP,Branden Dawson\dawsobr01,22.149,F,us,Michigan State,2016,2016,6,4.8,0.8,0.7,0.0,0.0,0.2,.400,.400,,1.000,0.0,.069
558,2016,NBA,2,56,DEN,Daniel Hamilton\hamilda02,20.325,G-F,us,UConn,2018,2019,25,9.3,2.8,2.1,1.2,0.3,0.0,.394,.419,.357,.500,0.0,.000
559,2017,NBA,2,56,BOS,Jabari Bird\birdja01,22.360,G,us,California,2018,2018,13,8.8,3.0,1.5,0.6,0.2,0.1,.577,.632,.429,.462,0.2,.098
560,2018,NBA,2,56,PHI,Ray Spalding\spaldra01,21.107,F,us,Louisville,2019,2019,14,10.6,3.9,3.4,0.4,0.6,0.6,.532,.568,.000,.333,0.2,.051
561,2009,NBA,2,57,PHO,Emir Preldžić\preldem01,21.298,F-G,ba,,,,,,,,,,,,,,,,
562,2010,NBA,2,57,IND,Ryan Reid\reidry01,23.243,F,us,Florida State,2012,2012,5,3.4,1.6,0.4,0.0,0.0,0.0,.800,.800,,,0.1,.142
563,2011,NBA,2,57,DAL,Targuy Ngombo,,,,,,,,,,,,,,,,,,,
564,2012,NBA,2,57,NJN,İlkan Karaman\karamil01,22.052,F,tr,,,,,,,,,,,,,,,,
565,2013,NBA,2,57,PHO,Alex Oriakhi\oriakal01,23.012,F,us,Missouri,,,,,,,,,,,,,,,
566,2014,NBA,2,57,IND,Louis Labeyrie\labeylo01,22.141,F,fr,,,,,,,,,,,,,,,,
567,2015,NBA,2,57,DEN,Nikola Radičević\radicni01,21.066,G,rs,,,,,,,,,,,,,,,,
568,2016,NBA,2,57,MEM,Wang Zhelin\sheliwa01,22.160,C,cn,,,,,,,,,,,,,,,,
569,2017,NBA,2,57,BRK,Aleksandar Vezenkov\vezenal01,21.326,F,cy,,,,,,,,,,,,,,,,
570,2018,NBA,2,57,OKC,Kevin Hervey\herveke01,21.352,F,us,UT Arlington,,,,,,,,,,,,,,,
571,2009,NBA,2,58,BOS,Lester Hudson\hudsole01,24.328,G,us,University of Tennessee at Martin,2010,2015,57,10.4,4.7,1.4,1.2,0.6,0.1,.375,.441,.277,.806,0.2,.016
572,2010,NBA,2,58,LAL,Derrick Caracter\caracde01,22.056,F,us,Texas-El Paso,2011,2011,41,5.2,2.0,1.0,0.2,0.1,0.2,.485,.485,,.739,0.3,.057
573,2011,NBA,2,58,LAL,Ater Majok\majokat01,23.360,F-C,sd,,,,,,,,,,,,,,,,
574,2012,NBA,2,58,MIN,Robbie Hummel\hummero01,23.118,F,us,Purdue,2014,2015,98,14.3,3.9,2.7,0.5,0.3,0.1,.418,.469,.343,.867,1.9,.066
575,2013,NBA,2,58,SAS,Deshaun Thomas\thomade01,21.308,F,us,Ohio State,,,,,,,,,,,,,,,
576,2014,NBA,2,58,SAS,Jordan McRae\mcraejo01,23.096,G,us,Tennessee,2016,2020,99,11.6,5.4,1.3,1.1,0.3,0.2,.437,.471,.362,.802,1.4,.058
577,2015,NBA,2,58,PHI,J.P. Tokoto\tokotjp01,21.288,G-F,us,UNC,,,,,,,,,,,,,,,
578,2016,NBA,2,58,BOS,Abdel Nader\naderab01,22.277,F,eg,Iowa State,2018,2020,126,12.0,4.1,1.8,0.4,0.3,0.2,.407,.446,.362,.707,1.3,.042
579,2017,NBA,2,58,NYK,Ognjen Jaramaz\jaramog01,21.300,G,yu,,,,,,,,,,,,,,,,
580,2018,NBA,2,58,DEN,Thomas Welsh\welshth01,22.144,C,us,UCLA,2019,2019,11,3.3,1.6,0.4,0.5,0.0,0.0,.538,.667,.429,.500,0.1,.162
581,2009,NBA,2,59,LAL,Chinemelu Elonu\elonuch01,22.112,C-F,ng,Texas A&M,,,,,,,,,,,,,,,
582,2010,NBA,2,59,ORL,Stanley Robinson,,,,UConn,,,,,,,,,,,,,,,
583,2011,NBA,2,59,SAS,Ádám Hanga\hangaad01,22.077,G,hu,,,,,,,,,,,,,,,,
584,2012,NBA,2,59,SAS,Marcus Denmon\denmoma01,22.106,G,us,Missouri,,,,,,,,,,,,,,,
585,2013,NBA,2,59,MIN,Bojan Dubljević\dubljbo01,21.252,F-C,me,,,,,,,,,,,,,,,,
586,2014,NBA,2,59,TOR,Xavier Thames\thamexa01,23.164,G,us,San Diego State,,,,,,,,,,,,,,,
587,2015,NBA,2,59,ATL,Dimitrios Agravanis\agravdi01,20.192,F-C,gr,,,,,,,,,,,,,,,,
588,2016,NBA,2,59,SAC,Isaiah Cousins\cousiis01,22.108,G,us,Oklahoma,,,,,,,,,,,,,,,
589,2017,NBA,2,59,SAS,Jaron Blossomgame\blossja01,23.285,F,us,Clemson,2019,2019,27,16.3,4.2,3.6,0.5,0.3,0.3,.443,.552,.256,.769,0.3,.030
590,2018,NBA,2,59,PHO,George King\kingge03,24.163,G-F,us,Colorado,2019,2019,1,6.0,0.0,1.0,0.0,0.0,0.0,,,,,0.0,-0.001
591,2009,NBA,2,60,MIA,Robert Dozier,,,,Memphis,,,,,,,,,,,,,,,
592,2010,NBA,2,60,PHO,Dwayne Collins\collidw01,22.077,F,us,Miami (FL),,,,,,,,,,,,,,,
593,2011,NBA,2,60,SAC,Isaiah Thomas\thomais02,22.141,G,us,Washington,2012,2020,502,29.2,18.4,2.5,5.1,0.9,0.1,.437,.486,.361,.873,45.5,.149
594,2012,NBA,2,60,LAL,Robert Sacre\sacrero01,23.028,C,us,Gonzaga,2013,2016,189,14.5,4.2,3.1,0.7,0.3,0.6,.436,.437,.000,.671,2.4,.042
595,2013,NBA,2,60,MEM,Jānis Timma\timmaja01,21.000,F,lv,,,,,,,,,,,,,,,,
596,2014,NBA,2,60,SAS,Cory Jefferson\jeffeco01,23.188,F,us,Baylor,2015,2016,58,10.0,3.5,2.8,0.3,0.2,0.4,.444,.474,.125,.583,0.9,.071
597,2015,NBA,2,60,PHI,Luka Mitrović\mitrolu01,22.101,F,rs,,,,,,,,,,,,,,,,
598,2016,NBA,2,60,UTA,Tyrone Wallace\wallaty01,22.019,G,us,California,2018,2020,106,15.5,5.2,2.2,1.2,0.5,0.2,.425,.463,.203,.671,0.2,.005
599,2017,NBA,2,60,ATL,Alpha Kaba\kabaal01,21.150,F,fr,,,,,,,,,,,,,,,,
600,2018,NBA,2,60,PHI,Kostas Antetokounmpo\antetko01,20.218,F,gr,Dayton,2019,2020,4,3.5,0.5,0.5,0.0,0.5,0.0,.000,.000,,.500,-0.1,-0.177
